tuple_id,src,flight,sched_dep_time,act_dep_time,sched_arr_time,act_arr_time
1502.0,flytecomm,CO-52-IAH-LAX,7:35 a.m.,7:29 a.m.,9:21 a.m.,9:14 a.m.
1503.0,flytecomm,CO-1090-BOS-IAH,9:45 a.m.,10:19 a.m.,1:16 p.m.,1:19 p.m.
1504.0,flytecomm,AA-616-DFW-DTW,9:05 a.m.,10:10 a.m.,12:35 p.m.,1:27 p.m.
1505.0,flytecomm,UA-3515-IAD-MSP,8:15 a.m.,8:12 a.m.,10:06 a.m.,9:56 a.m.
1506.0,flytecomm,AA-3468-CVG-MIA,7:00 a.m.,7:25 a.m.,9:55 a.m.,9:45 a.m.
1507.0,flytecomm,AA-484-DFW-MIA,4:15 p.m.,4:29 p.m.,7:55 p.m.,7:39 p.m.
1508.0,flytecomm,AA-1886-BOS-MIA,10:45 a.m.,10:55 a.m.,1:40 p.m.,2:00 p.m.
1509.0,flytecomm,CO-62-IAH-EWR,2:30 p.m.,2:48 p.m.,7:03 p.m.,7:10 p.m.
1510.0,flytecomm,CO-1561-PHX-IAH,8:05 a.m.,8:00 a.m.,11:35 a.m.,11:32 a.m.
1511.0,flytecomm,UA-2314-ATL-PHL,2:55 p.m.,2:55 p.m.,4:00 p.m.,4:00 p.m.
1512.0,flytecomm,AA-446-DFW-PHL,12:57 p.m.,12:12 p.m.,5:35 a.m.,5:26 p.m.
1513.0,flytecomm,CO-1023-IAH-DEN,11:40 a.m.,11:56 a.m.,1:17 p.m.,1:14 p.m.
1514.0,flytecomm,AA-466-IAH-MIA,4:00 p.m.,4:00 p.m.,6:40 p.m.,6:28 p.m.
1515.0,flytecomm,UA-3050-PHX-CLT,11:05 a.m.,11:30 a.m.,4:57 p.m.,5:05 p.m.
1516.0,flytecomm,CO-89-IAH-EWR,6:00 a.m.,6:02 a.m.,10:20 a.m.,10:27 a.m.
1517.0,flytecomm,CO-1088-CLE-IAH,8:40 a.m.,8:40 a.m.,10:54 a.m.,10:56 a.m.
1518.0,flytecomm,AA-1664-MIA-ATL,6:00 a.m.,6:10 a.m.,10:20 a.m.,10:27 a.m.
1519.0,flytecomm,AA-1279-DFW-PHX,1:00 p.m.,2:04 p.m.,2:35 p.m.,3:30 p.m.
1520.0,flytecomm,UA-854-SFO-IAH,7:53 a.m.,7:49 a.m.,1:39 p.m.,1:30 p.m.
1521.0,flytecomm,UA-382-IAD-LAX,12:30 p.m.,12:35 p.m.,3:19 p.m.,3:21 p.m.
1522.0,flytecomm,AA-4344-ORD-DTW,12:15 p.m.,12:41 p.m.,2:45 p.m.,2:50 p.m.
1523.0,flytecomm,UA-257-JFK-SFO,2:30 p.m.,2:26 p.m.,6:15 p.m.,5:42 p.m.
1524.0,flytecomm,UA-2945-PHL-CLT,12:00 a.m.,3:11 a.m.,1:45 p.m.,1:15 p.m.
1525.0,flytecomm,CO-63-EWR-IAH,5:25 p.m.,5:22 p.m.,8:22 p.m.,8:03 p.m.
1526.0,flytecomm,CO-47-IAH-LAX,7:10 p.m.,8:25 p.m.,8:56 p.m.,9:52 p.m.
1527.0,flytecomm,AA-2050-ORD-MIA,10:40 a.m.,11:05 a.m.,2:45 p.m.,2:46 p.m.
1528.0,flytecomm,UA-248-PHX-ORD,12:57 p.m.,1:32 p.m.,5:15 p.m.,5:34 p.m.
1529.0,flytecomm,AA-4330-CVG-ORD,3:35 p.m.,3:36 p.m.,4:00 p.m.,3:33 p.m.
1530.0,flytecomm,AA-1434-DFW-MCO,7:15 a.m.,7:21 a.m.,10:35 a.m.,10:36 a.m.
1531.0,flytecomm,AA-1640-MIA-MCO,6:30 p.m.,6:30 p.m.,7:25 p.m.,7:25 p.m.
1532.0,flytecomm,AA-4307-ORD-DTW,1:33 p.m.,1:31 p.m.,4:31 p.m.,4:23 p.m.
1533.0,flytecomm,AA-3-JFK-LAX,12:00 p.m.,12:11 p.m.,3:15 p.m.,3:16 p.m.
1534.0,flytecomm,CO-1694-LAX-IAH,7:15 p.m.,7:15 p.m.,12:21 a.m.,12:21 a.m.
1535.0,flytecomm,UA-843-LAX-ORD,1:55 p.m.,2:10 p.m.,7:53 p.m.,7:58 p.m.
1536.0,flytecomm,CO-1193-EWR-MCO,9:15 a.m.,9:14 a.m.,12:18 p.m.,12:09 p.m.
1537.0,flytecomm,AA-3842-MSP-ORD,7:10 a.m.,7:30 a.m.,8:00 a.m.,8:56 a.m.
1538.0,flytecomm,AA-643-MIA-ORD,7:10 a.m.,7:30 a.m.,9:35 a.m.,9:31 a.m.
1539.0,flytecomm,AA-1007-MIA-PHX,11:05 a.m.,11:30 a.m.,4:57 p.m.,5:05 p.m.
1540.0,flytecomm,AA-2525-DFW-MIA,7:25 a.m.,7:39 a.m.,11:10 a.m.,11:06 a.m.
1541.0,flytecomm,UA-2906-PHL-MCO,1:33 p.m.,1:31 p.m.,4:31 p.m.,4:23 p.m.
1542.0,flytecomm,UA-938-DEN-ORD,4:16 p.m.,4:15 p.m.,7:35 p.m.,7:36 p.m.
1543.0,flytecomm,AA-1221-MCO-ORD,8:00 p.m.,8:23 p.m.,9:45 p.m.,9:53 p.m.
1544.0,flytecomm,CO-16-LAX-EWR,10:25 a.m.,10:20 a.m.,6:44 p.m.,6:34 p.m.
1545.0,flytecomm,UA-2515-DFW-CLT,7:05 a.m.,7:05 a.m.,10:31 a.m.,10:47 a.m.
1546.0,flytecomm,AA-400-DFW-JFK,10:40 a.m.,11:01 a.m.,2:59 p.m.,3:04 p.m.
1547.0,flytecomm,UA-664-ORD-PHL,1:05 p.m.,1:19 p.m.,2:35 p.m.,3:13 p.m.
1548.0,flytecomm,AA-3756-ORD-SLC,12:15 p.m.,12:41 p.m.,2:45 p.m.,2:50 p.m.
1549.0,flytecomm,UA-37-EWR-MCO,1:29 p.m.,1:48 p.m.,4:17 p.m.,4:17 p.m.
1550.0,flytecomm,AA-1522-SFO-ORD,11:55 p.m.,11:55 p.m.,5:50 a.m.,5:50 a.m.
1551.0,flytecomm,UA-233-LAX-JFK,4:25 p.m.,4:25 p.m.,12:29 a.m.,12:29 a.m.
1552.0,flytecomm,AA-3823-LAX-DEN,9:00 p.m.,9:00 p.m.,12:15 a.m.,12:15 a.m.
1553.0,flytecomm,AA-2312-DFW-DTW,8:25 p.m.,8:25 p.m.,11:50 p.m.,11:50 p.m.
1554.0,flytecomm,AA-1165-JFK-MIA,7:15 a.m.,7:22 a.m.,9:35 a.m.,9:04 a.m.
1555.0,flytecomm,AA-431-MIA-SFO,8:35 a.m.,8:51 a.m.,11:50 a.m.,11:44 a.m.
1556.0,flytecomm,UA-3373-IAD-PHL,8:29 a.m.,8:26 a.m.,9:24 a.m.,9:13 a.m.
1557.0,flytecomm,AA-649-ORD-SNA,1:30 p.m.,1:30 p.m.,3:30 p.m.,3:30 p.m.
1558.0,flytecomm,CO-1250-MIA-IAH,2:53 p.m.,3:01 p.m.,4:48 p.m.,4:59 p.m.
1559.0,flytecomm,UA-6273-YYC-SFO,7:35 a.m.,7:27 a.m.,9:43 a.m.,8:45 a.m.
1560.0,flytecomm,UA-828-SFO-ORD,11:08 p.m.,11:08 p.m.,5:11 a.m.,5:11 a.m.
1561.0,flytecomm,CO-4888-IAH-DAL,5:30 p.m.,5:30 p.m.,6:40 p.m.,6:40 p.m.
1562.0,flytecomm,UA-858-PVG-SFO,1:45 p.m.,1:32 p.m.,8:27 a.m.,8:02 a.m.
1563.0,flytecomm,UA-2704-DTW-PHX,11:15 a.m.,11:15 a.m.,1:40 p.m.,2:00 p.m.
1564.0,flytecomm,AA-3063-SLC-LAX,8:20 p.m.,8:39 p.m.,9:20 p.m.,9:20 p.m.
1565.0,flytecomm,UA-2708-EWR-CLT,2:53 p.m.,2:55 p.m.,4:44 p.m.,4:44 p.m.
1566.0,flytecomm,UA-62-IAH-EWR,2:30 p.m.,2:48 p.m.,7:03 p.m.,7:10 p.m.
1567.0,flytecomm,UA-1500-IAH-GUA,8:55 a.m.,9:16 a.m.,11:45 a.m.,11:56 a.m.
1568.0,flytecomm,AA-3804-PHL-ORD,2:35 p.m.,2:44 p.m.,4:05 p.m.,3:43 p.m.
1569.0,flytecomm,AA-1917-JFK-MCO,2:55 p.m.,3:27 p.m.,5:55 p.m.,5:43 p.m.
1570.0,flytecomm,AA-2268-PHX-ORD,7:15 a.m.,7:22 a.m.,11:35 a.m.,11:06 a.m.
1571.0,flytecomm,AA-4277-CVG-JFK,12:10 p.m.,12:10 p.m.,2:15 p.m.,1:43 p.m.
1572.0,flytecomm,AA-2957-DFW-CVG,7:55 a.m.,8:04 a.m.,11:05 a.m.,11:01 a.m.
1573.0,flytecomm,UA-37-EDI-EWR,9:05 a.m.,8:52 a.m.,11:53 a.m.,12:09 p.m.
1574.0,flytecomm,AA-789-ORD-DEN,1:05 p.m.,1:19 p.m.,2:35 p.m.,3:13 p.m.
1575.0,flytecomm,AA-415-BOS-ORD,8:35 a.m.,8:56 a.m.,10:40 a.m.,10:16 a.m.
1576.0,flytecomm,AA-85-JFK-SFO,3:05 p.m.,3:36 p.m.,6:30 p.m.,6:43 p.m.
1577.0,flytecomm,AA-3979-CVG-ORD,8:00 a.m.,8:04 a.m.,11:35 a.m.,11:06 a.m.
1578.0,flytecomm,AA-3786-IAH-ORD,4:00 p.m.,4:12 p.m.,6:40 p.m.,6:15 p.m.
1579.0,flytecomm,AA-271-MIA-LAX,11:35 a.m.,11:52 a.m.,2:25 p.m.,2:27 p.m.
1580.0,flytecomm,CO-50-CLE-EWR,2:55 p.m.,3:31 p.m.,4:49 p.m.,5:26 p.m.
1581.0,flytecomm,UA-3099-PHX-PHL,11:55 a.m.,11:55 a.m.,6:17 p.m.,5:38 p.m.
1582.0,flytecomm,AA-4198-ORD-CLE,10:40 a.m.,10:54 a.m.,12:55 p.m.,12:50 p.m.
1583.0,flytecomm,AA-404-MIA-MCO,6:45 a.m.,6:57 a.m.,7:45 a.m.,7:40 a.m.
1584.0,flytecomm,CO-45-EWR-MIA,4:00 p.m.,3:58 p.m.,7:05 p.m.,6:36 p.m.
1585.0,flytecomm,AA-3809-PHX-LAX,6:00 a.m.,6:10 a.m.,6:40 a.m.,6:19 a.m.
1586.0,flytecomm,AA-59-JFK-SFO,12:00 a.m.,3:11 a.m.,10:45 a.m.,11:12 a.m.
1587.0,flytecomm,AA-222-LAX-BOS,7:10 a.m.,7:31 a.m.,3:30 p.m.,3:14 p.m.
1588.0,mytripandmore,AA-1733-ORD-PHX,7:45 p.m.,7:58 p.m.,10:30 p.m.,10:30 p.m.
1589.0,mytripandmore,CO-1586-IAH-MCO,7:00 p.m.,7:14 p.m.,10:15 p.m.,10:29 p.m.
1590.0,mytripandmore,UA-3925-IAD-ORF,8:41 a.m.,8:42 a.m.,9:54 a.m.,9:43 a.m.
1591.0,mytripandmore,AA-1640-MIA-MCO,6:30 p.m.,6:30 p.m.,7:25 p.m.,7:25 p.m.
1592.0,mytripandmore,UA-2830-MCO-CLT,3:27 p.m.,3:27 p.m.,5:05 p.m.,5:17 p.m.
1593.0,mytripandmore,UA-5487-SFO-MRY,10:39 a.m.,10:33 a.m.,11:19 a.m.,11:21 a.m.
1594.0,mytripandmore,AA-204-LAX-MCO,11:25 p.m.,11:25 p.m.,6:55 a.m.,6:55 a.m.
1595.0,mytripandmore,CO-1614-LAX-IAH,12:30 a.m.,12:41 a.m.,5:35 a.m.,5:26 a.m.
1596.0,mytripandmore,UA-2726-FLL-PHL,4:00 p.m.,4:00 p.m.,6:46 p.m.,6:28 p.m.
1597.0,mytripandmore,CO-1090-BOS-IAH,9:45 a.m.,10:19 a.m.,1:16 p.m.,1:19 p.m.
1598.0,mytripandmore,AA-3468-CVG-MIA,7:00 a.m.,7:25 a.m.,9:55 a.m.,9:45 a.m.
1599.0,mytripandmore,CO-62-IAH-EWR,2:30 p.m.,2:48 p.m.,7:03 p.m.,7:10 p.m.
1600.0,mytripandmore,CO-1023-IAH-DEN,11:40 a.m.,11:56 a.m.,1:17 p.m.,1:14 p.m.
1601.0,mytripandmore,AA-466-IAH-MIA,6:00 a.m.,6:08 a.m.,9:20 a.m.,9:05 a.m.
1602.0,mytripandmore,UA-3050-PHX-CLT,11:05 a.m.,11:30 a.m.,4:57 p.m.,5:05 p.m.
1603.0,mytripandmore,AA-1664-MIA-ATL,10:15 a.m.,10:18 a.m.,12:10 p.m.,11:56 a.m.
1604.0,mytripandmore,AA-3979-CVG-ORD,7:30 a.m.,8:04 a.m.,8:00 a.m.,8:06 a.m.
1605.0,mytripandmore,UA-382-IAD-LAX,12:30 p.m.,12:35 p.m.,3:19 p.m.,3:21 p.m.
1606.0,mytripandmore,AA-616-DFW-DTW,9:05 a.m.,10:10 a.m.,12:35 p.m.,1:27 p.m.
1607.0,mytripandmore,AA-4344-ORD-DTW,11:45 a.m.,12:13 p.m.,2:00 p.m.,2:10 p.m.
1608.0,mytripandmore,UA-2945-PHL-CLT,12:00 a.m.,3:11 a.m.,1:45 p.m.,1:15 p.m.
1609.0,mytripandmore,CO-47-IAH-LAX,7:10 p.m.,8:25 p.m.,9:55 p.m.,8:56 p.m.
1610.0,mytripandmore,AA-271-MIA-LAX,11:35 a.m.,11:52 a.m.,2:25 p.m.,2:27 p.m.
1611.0,mytripandmore,AA-3842-MSP-ORD,6:00 a.m.,6:56 a.m.,7:30 a.m.,7:51 a.m.
1612.0,mytripandmore,AA-643-MIA-ORD,7:10 a.m.,7:30 a.m.,9:35 a.m.,9:31 a.m.
1613.0,mytripandmore,AA-1007-MIA-PHX,4:55 p.m.,5:08 p.m.,8:05 p.m.,7:55 p.m.
1614.0,mytripandmore,AA-2525-DFW-MIA,7:15 a.m.,7:39 a.m.,11:35 a.m.,11:06 a.m.
1615.0,mytripandmore,AA-1221-MCO-ORD,8:00 p.m.,8:23 p.m.,9:45 p.m.,9:53 p.m.
1616.0,mytripandmore,UA-2515-DFW-CLT,7:05 a.m.,7:05 a.m.,10:31 a.m.,10:47 a.m.
1617.0,mytripandmore,AA-4307-ORD-DTW,6:45 p.m.,6:55 p.m.,9:10 p.m.,8:53 p.m.
1618.0,mytripandmore,UA-233-LAX-JFK,4:25 p.m.,4:25 p.m.,12:29 a.m.,12:29 a.m.
1619.0,mytripandmore,AA-3823-LAX-DEN,9:00 p.m.,9:00 p.m.,12:15 a.m.,12:15 a.m.
1620.0,mytripandmore,AA-2312-DFW-DTW,8:25 p.m.,8:25 p.m.,11:50 p.m.,11:50 p.m.
1621.0,mytripandmore,AA-1165-JFK-MIA,6:59 a.m.,7:22 a.m.,10:34 a.m.,10:04 a.m.
1622.0,mytripandmore,AA-431-MIA-SFO,8:35 a.m.,8:51 a.m.,11:50 a.m.,11:44 a.m.
1623.0,mytripandmore,UA-257-JFK-SFO,2:30 p.m.,2:26 p.m.,6:15 p.m.,5:42 p.m.
1624.0,mytripandmore,AA-649-ORD-SNA,1:30 p.m.,1:30 p.m.,3:50 p.m.,3:50 p.m.
1625.0,mytripandmore,CO-1250-MIA-IAH,2:53 p.m.,3:01 p.m.,4:48 p.m.,4:59 p.m.
1626.0,mytripandmore,UA-828-SFO-ORD,11:08 p.m.,11:08 p.m.,5:11 a.m.,5:11 a.m.
1627.0,mytripandmore,AA-3063-SLC-LAX,8:20 p.m.,8:39 p.m.,9:20 p.m.,9:20 p.m.
1628.0,mytripandmore,AA-1917-JFK-MCO,2:55 p.m.,3:27 p.m.,5:55 p.m.,5:43 p.m.
1629.0,mytripandmore,UA-6273-YYC-SFO,7:35 a.m.,7:27 a.m.,9:43 a.m.,8:45 a.m.
1630.0,mytripandmore,AA-4277-CVG-JFK,12:10 p.m.,12:10 p.m.,2:15 p.m.,1:43 p.m.
1631.0,mytripandmore,UA-37-EDI-EWR,9:05 a.m.,8:52 a.m.,11:53 a.m.,12:09 p.m.
1632.0,mytripandmore,AA-59-JFK-SFO,7:10 a.m.,7:39 a.m.,10:45 a.m.,11:12 a.m.
1633.0,mytripandmore,AA-415-BOS-ORD,6:00 a.m.,6:02 a.m.,10:20 a.m.,10:27 a.m.
1634.0,mytripandmore,AA-1544-SAN-ORD,11:25 a.m.,11:40 a.m.,5:25 p.m.,4:56 p.m.
1635.0,mytripandmore,AA-3786-IAH-ORD,4:00 p.m.,4:12 p.m.,6:40 p.m.,6:15 p.m.
1636.0,mytripandmore,CO-50-CLE-EWR,2:55 p.m.,3:31 p.m.,4:49 p.m.,5:26 p.m.
1637.0,mytripandmore,AA-404-MIA-MCO,6:45 a.m.,6:57 a.m.,7:45 a.m.,7:40 a.m.
1638.0,ord,AA-3859-IAH-ORD,7:10 a.m.,7:16 a.m.,9:40 a.m.,9:32 a.m.
1639.0,ord,AA-3842-MSP-ORD,6:00 a.m.,6:56 a.m.,7:30 a.m.,7:51 a.m.
1640.0,ord,AA-643-MIA-ORD,7:10 a.m.,7:30 a.m.,9:35 a.m.,9:31 a.m.
1641.0,ord,AA-3804-PHL-ORD,2:35 p.m.,2:44 p.m.,4:05 p.m.,3:43 p.m.
1642.0,ord,AA-2268-PHX-ORD,7:15 a.m.,7:22 a.m.,11:35 a.m.,11:06 a.m.
1643.0,ord,AA-1221-MCO-ORD,8:00 p.m.,8:23 p.m.,9:45 p.m.,9:53 p.m.
1644.0,ord,UA-938-DEN-ORD,4:16 p.m.,4:15 p.m.,7:35 p.m.,7:36 p.m.
1645.0,ord,AA-789-ORD-DEN,1:05 p.m.,1:19 p.m.,2:35 p.m.,3:13 p.m.
1646.0,ord,AA-4307-ORD-DTW,12:10 p.m.,12:10 p.m.,2:15 p.m.,1:43 p.m.
1647.0,ord,AA-3979-CVG-ORD,7:30 a.m.,8:04 a.m.,8:00 a.m.,8:06 a.m.
1648.0,ord,UA-664-ORD-PHL,1:33 p.m.,1:31 p.m.,4:31 p.m.,4:23 p.m.
1649.0,ord,AA-3756-ORD-SLC,12:15 p.m.,12:41 p.m.,2:45 p.m.,2:50 p.m.
1650.0,ord,AA-3786-IAH-ORD,4:00 p.m.,4:12 p.m.,6:40 p.m.,6:15 p.m.
1651.0,ord,AA-1522-SFO-ORD,11:55 p.m.,11:55 p.m.,5:50 a.m.,5:50 a.m.
1652.0,ord,AA-1544-SAN-ORD,11:55 p.m.,11:55 p.m.,5:50 a.m.,5:50 a.m.
1653.0,ord,AA-4344-ORD-DTW,11:45 a.m.,12:13 p.m.,2:00 p.m.,2:10 p.m.
1654.0,ord,AA-1733-ORD-PHX,7:45 p.m.,7:58 p.m.,10:30 p.m.,10:30 p.m.
1655.0,ord,AA-4198-ORD-CLE,10:40 a.m.,10:54 a.m.,12:55 p.m.,12:50 p.m.
1656.0,ord,UA-828-SFO-ORD,11:08 p.m.,11:08 p.m.,5:11 a.m.,5:11 a.m.
1657.0,ord,AA-2050-ORD-MIA,10:40 a.m.,11:05 a.m.,2:45 p.m.,2:46 p.m.
1658.0,ord,UA-248-PHX-ORD,12:57 p.m.,1:32 p.m.,5:15 p.m.,5:34 p.m.
1659.0,ord,AA-415-BOS-ORD,8:35 a.m.,8:56 a.m.,10:40 a.m.,10:16 a.m.
1660.0,ord,AA-4330-CVG-ORD,3:35 p.m.,3:36 p.m.,4:00 p.m.,3:33 p.m.
1661.0,ord,UA-843-LAX-ORD,1:45 p.m.,1:32 p.m.,8:27 a.m.,8:02 a.m.
1662.0,wunderground,AA-3859-IAH-ORD,7:10 a.m.,7:16 a.m.,9:40 a.m.,9:32 a.m.
1663.0,wunderground,AA-518-MIA-JFK,6:40 a.m.,6:54 a.m.,9:25 a.m.,9:28 a.m.
1664.0,wunderground,CO-1586-IAH-MCO,7:00 p.m.,7:14 p.m.,10:15 p.m.,10:29 p.m.
1665.0,wunderground,UA-3925-IAD-ORF,8:41 a.m.,8:42 a.m.,9:54 a.m.,9:43 a.m.
1666.0,wunderground,AA-1733-ORD-PHX,7:45 p.m.,7:58 p.m.,10:30 p.m.,10:30 p.m.
1667.0,wunderground,AA-204-LAX-MCO,11:25 p.m.,11:25 p.m.,6:55 a.m.,6:55 a.m.
1668.0,wunderground,UA-2726-FLL-PHL,4:00 p.m.,4:00 p.m.,6:46 p.m.,6:28 p.m.
1669.0,wunderground,CO-52-IAH-LAX,7:35 a.m.,7:29 a.m.,9:21 a.m.,8:53 p.m.
1670.0,wunderground,AA-3468-CVG-MIA,7:00 a.m.,7:25 a.m.,9:55 a.m.,9:45 a.m.
1671.0,wunderground,AA-484-DFW-MIA,4:15 p.m.,4:29 p.m.,7:55 p.m.,7:39 p.m.
1672.0,wunderground,AA-616-DFW-DTW,9:05 a.m.,10:10 a.m.,12:35 p.m.,1:27 p.m.
1673.0,wunderground,AA-446-DFW-PHL,11:50 a.m.,12:12 p.m.,3:50 p.m.,4:09 p.m.
1674.0,wunderground,CO-1023-IAH-DEN,11:40 a.m.,11:56 a.m.,1:17 p.m.,1:14 p.m.
1675.0,wunderground,AA-466-IAH-MIA,6:00 a.m.,6:08 a.m.,9:20 a.m.,9:05 a.m.
1676.0,wunderground,UA-3050-PHX-CLT,11:05 a.m.,11:30 a.m.,6:17 a.m.,6:04 a.m.
1677.0,wunderground,AA-2957-DFW-CVG,7:55 a.m.,8:04 a.m.,11:05 a.m.,11:01 a.m.
1678.0,wunderground,AA-1664-MIA-ATL,10:15 a.m.,10:18 a.m.,12:10 p.m.,11:56 a.m.
1679.0,wunderground,AA-3979-CVG-ORD,7:30 a.m.,8:04 a.m.,8:00 a.m.,8:06 a.m.
1680.0,wunderground,AA-1279-DFW-PHX,1:00 p.m.,2:04 p.m.,2:35 p.m.,3:30 p.m.
1681.0,wunderground,AA-404-MIA-MCO,6:45 a.m.,6:57 a.m.,7:45 a.m.,7:40 a.m.
1682.0,wunderground,AA-3756-ORD-SLC,12:15 p.m.,12:41 p.m.,2:45 p.m.,2:50 p.m.
1683.0,wunderground,UA-382-IAD-LAX,12:30 p.m.,12:35 p.m.,3:19 p.m.,3:21 p.m.
1684.0,wunderground,UA-257-JFK-SFO,2:30 p.m.,2:26 p.m.,6:15 p.m.,5:42 p.m.
1685.0,wunderground,UA-2945-PHL-CLT,12:00 a.m.,3:11 a.m.,1:45 p.m.,1:30 p.m.
1686.0,wunderground,CO-63-EWR-IAH,5:25 p.m.,5:22 p.m.,8:22 p.m.,8:03 p.m.
1687.0,wunderground,AA-2525-DFW-MIA,7:25 a.m.,7:39 a.m.,11:10 a.m.,11:06 a.m.
1688.0,wunderground,CO-47-IAH-LAX,8:41 a.m.,8:42 a.m.,9:54 a.m.,9:43 a.m.
1689.0,wunderground,AA-271-MIA-LAX,11:35 a.m.,11:52 a.m.,2:25 p.m.,2:27 p.m.
1690.0,wunderground,AA-2050-ORD-MIA,10:40 a.m.,11:05 a.m.,2:45 p.m.,2:46 p.m.
1691.0,wunderground,AA-4330-CVG-ORD,3:35 p.m.,3:36 p.m.,4:00 p.m.,3:33 p.m.
1692.0,wunderground,AA-1434-DFW-MCO,7:15 a.m.,7:21 a.m.,10:35 a.m.,10:36 a.m.
1693.0,wunderground,AA-1640-MIA-MCO,6:30 p.m.,6:30 p.m.,7:25 p.m.,7:25 p.m.
1694.0,wunderground,AA-4307-ORD-DTW,6:45 p.m.,6:55 p.m.,9:10 p.m.,8:53 p.m.
1695.0,wunderground,AA-3-JFK-LAX,12:00 p.m.,12:11 p.m.,3:15 p.m.,3:16 p.m.
1696.0,wunderground,CO-1694-LAX-IAH,7:15 p.m.,7:15 p.m.,12:21 a.m.,12:21 a.m.
1697.0,wunderground,CO-1193-EWR-MCO,9:15 a.m.,9:14 a.m.,12:18 p.m.,12:09 p.m.
1698.0,wunderground,AA-3842-MSP-ORD,6:00 a.m.,6:56 a.m.,7:30 a.m.,7:51 a.m.
1699.0,wunderground,AA-643-MIA-ORD,7:10 a.m.,7:30 a.m.,9:35 a.m.,9:31 a.m.
1700.0,wunderground,AA-1007-MIA-PHX,4:55 p.m.,5:08 p.m.,8:05 p.m.,7:55 p.m.
1701.0,wunderground,UA-2906-PHL-MCO,3:50 p.m.,4:28 p.m.,6:23 p.m.,6:38 p.m.
1702.0,wunderground,AA-1221-MCO-ORD,8:00 p.m.,8:23 p.m.,9:45 p.m.,9:53 p.m.
1703.0,wunderground,AA-400-DFW-JFK,10:40 a.m.,11:01 a.m.,2:59 a.m.,3:04 p.m.
1704.0,wunderground,UA-664-ORD-PHL,1:33 p.m.,1:31 p.m.,4:31 p.m.,4:23 p.m.
1705.0,wunderground,UA-37-EWR-MCO,1:29 p.m.,1:48 p.m.,4:17 p.m.,4:17 p.m.
1706.0,wunderground,UA-233-LAX-JFK,4:25 p.m.,4:25 p.m.,12:29 a.m.,12:29 a.m.
1707.0,wunderground,AA-3823-LAX-DEN,9:00 p.m.,9:00 p.m.,12:15 a.m.,12:15 a.m.
1708.0,wunderground,AA-2312-DFW-DTW,8:25 p.m.,8:25 p.m.,11:50 p.m.,11:50 p.m.
1709.0,wunderground,AA-1165-JFK-MIA,6:59 a.m.,7:22 a.m.,10:34 a.m.,10:04 a.m.
1710.0,wunderground,AA-431-MIA-SFO,8:35 a.m.,8:51 a.m.,11:50 a.m.,11:44 a.m.
1711.0,wunderground,AA-649-ORD-SNA,1:30 p.m.,1:30 p.m.,3:50 p.m.,3:50 p.m.
1712.0,wunderground,UA-828-SFO-ORD,11:08 p.m.,11:08 p.m.,5:11 a.m.,5:11 a.m.
1713.0,wunderground,CO-4888-IAH-DAL,5:30 p.m.,5:30 p.m.,6:40 p.m.,6:40 p.m.
1714.0,wunderground,AA-3063-SLC-LAX,8:20 p.m.,8:39 p.m.,9:20 p.m.,9:20 p.m.
1715.0,wunderground,AA-3804-PHL-ORD,2:35 p.m.,2:44 p.m.,4:05 p.m.,3:43 p.m.
1716.0,wunderground,AA-1917-JFK-MCO,2:55 p.m.,3:27 p.m.,5:55 p.m.,5:43 p.m.
1717.0,wunderground,AA-2268-PHX-ORD,7:15 a.m.,7:22 a.m.,11:35 a.m.,11:06 a.m.
1718.0,wunderground,AA-4277-CVG-JFK,12:10 p.m.,12:10 p.m.,2:15 p.m.,1:43 p.m.
1719.0,wunderground,AA-789-ORD-DEN,1:05 p.m.,1:19 p.m.,2:35 p.m.,3:13 p.m.
1720.0,wunderground,AA-85-JFK-SFO,3:05 p.m.,3:36 p.m.,6:30 p.m.,6:43 p.m.
1721.0,wunderground,AA-3786-IAH-ORD,4:00 p.m.,4:12 p.m.,6:40 p.m.,6:15 p.m.
1722.0,wunderground,AA-222-LAX-BOS,7:10 a.m.,7:31 a.m.,3:30 p.m.,3:14 p.m.
1723.0,wunderground,UA-3099-PHX-PHL,11:55 a.m.,11:55 a.m.,6:17 p.m.,5:38 p.m.
1724.0,wunderground,AA-4198-ORD-CLE,10:40 a.m.,10:54 a.m.,12:55 p.m.,12:50 p.m.
1725.0,wunderground,CO-45-EWR-MIA,4:00 p.m.,3:58 p.m.,7:05 p.m.,6:36 p.m.
1726.0,wunderground,AA-3809-PHX-LAX,6:00 a.m.,6:10 a.m.,6:40 a.m.,6:19 a.m.
1727.0,wunderground,AA-59-JFK-SFO,7:10 a.m.,7:39 a.m.,10:45 a.m.,11:12 a.m.
1728.0,ua,UA-397-JFK-SFO,8:00 a.m.,8:29 a.m.,11:55 a.m.,11:58 a.m.
1729.0,ua,UA-3925-IAD-ORF,8:41 a.m.,8:42 a.m.,9:54 a.m.,9:43 a.m.
1730.0,ua,UA-2830-MCO-CLT,3:27 p.m.,3:27 p.m.,5:05 p.m.,5:17 p.m.
1731.0,ua,UA-5487-SFO-MRY,10:39 a.m.,10:33 a.m.,11:19 a.m.,11:21 a.m.
1732.0,ua,UA-2726-FLL-PHL,4:00 p.m.,4:00 p.m.,6:46 p.m.,6:28 p.m.
1733.0,ua,UA-3050-PHX-CLT,11:05 a.m.,11:30 a.m.,4:57 p.m.,5:05 p.m.
1734.0,ua,UA-382-IAD-LAX,12:30 p.m.,12:35 p.m.,3:19 p.m.,3:21 p.m.
1735.0,ua,UA-2945-PHL-CLT,12:00 a.m.,3:11 a.m.,1:45 p.m.,1:15 p.m.
1736.0,ua,UA-854-SFO-IAH,7:53 a.m.,7:49 a.m.,1:39 p.m.,1:30 p.m.
1737.0,ua,UA-3515-IAD-MSP,8:15 a.m.,8:12 a.m.,10:06 a.m.,9:56 a.m.
1738.0,ua,UA-248-PHX-ORD,12:57 p.m.,1:32 p.m.,5:15 p.m.,5:34 p.m.
1739.0,ua,UA-843-LAX-ORD,1:55 p.m.,2:10 p.m.,7:53 p.m.,7:58 p.m.
1740.0,ua,UA-2906-PHL-MCO,3:50 p.m.,4:28 p.m.,6:23 p.m.,6:38 p.m.
1741.0,ua,UA-938-DEN-ORD,4:16 p.m.,4:15 p.m.,7:35 p.m.,7:36 p.m.
1742.0,ua,UA-2515-DFW-CLT,7:05 a.m.,7:05 a.m.,10:31 a.m.,10:47 a.m.
1743.0,ua,UA-664-ORD-PHL,1:33 p.m.,1:31 p.m.,4:31 p.m.,4:23 p.m.
1744.0,ua,UA-37-EWR-MCO,1:29 p.m.,1:48 p.m.,4:17 p.m.,4:17 p.m.
1745.0,ua,UA-233-LAX-JFK,4:25 p.m.,4:25 p.m.,12:29 a.m.,12:29 a.m.
1746.0,ua,UA-3373-IAD-PHL,8:29 a.m.,8:26 a.m.,9:24 a.m.,9:13 a.m.
1747.0,ua,UA-6273-YYC-SFO,7:35 a.m.,7:27 a.m.,9:43 a.m.,8:45 a.m.
1748.0,ua,UA-828-SFO-ORD,11:08 p.m.,11:08 p.m.,5:11 a.m.,5:11 a.m.
1749.0,ua,UA-858-PVG-SFO,1:45 p.m.,1:32 p.m.,8:27 a.m.,8:02 a.m.
1750.0,ua,UA-2704-DTW-PHX,11:15 a.m.,11:15 a.m.,1:40 p.m.,2:00 p.m.
1751.0,ua,UA-2708-EWR-CLT,2:55 p.m.,2:55 p.m.,4:53 p.m.,4:44 p.m.
1752.0,ua,UA-62-IAH-EWR,2:30 p.m.,2:48 p.m.,7:03 p.m.,7:10 p.m.
1753.0,ua,UA-1500-IAH-GUA,8:55 a.m.,9:16 a.m.,11:45 a.m.,11:56 a.m.
1754.0,ua,UA-2314-ATL-PHL,2:55 p.m.,2:55 p.m.,5:00 p.m.,4:47 p.m.
1755.0,ua,UA-37-EDI-EWR,9:05 a.m.,8:52 a.m.,11:53 a.m.,12:09 p.m.
1756.0,ua,UA-3099-PHX-PHL,11:55 a.m.,11:55 a.m.,6:17 p.m.,5:38 p.m.
1757.0,ua,UA-414-LAX-SFO,6:00 a.m.,5:56 a.m.,7:23 a.m.,7:17 a.m.
1758.0,ua,UA-257-JFK-SFO,2:30 p.m.,2:26 p.m.,6:15 p.m.,5:42 p.m.
1759.0,flylouisville,AA-3859-IAH-ORD,7:10 a.m.,7:16 a.m.,9:40 a.m.,9:32 a.m.
1760.0,flylouisville,CO-1586-IAH-MCO,7:00 p.m.,7:14 p.m.,10:15 p.m.,10:29 p.m.
1761.0,flylouisville,AA-518-MIA-JFK,6:40 a.m.,6:54 a.m.,9:25 a.m.,9:28 a.m.
1762.0,flylouisville,UA-397-JFK-SFO,8:00 a.m.,8:29 a.m.,11:55 a.m.,11:58 a.m.
1763.0,flylouisville,UA-3925-IAD-ORF,8:41 a.m.,8:42 a.m.,9:54 a.m.,9:43 a.m.
1764.0,flylouisville,AA-1733-ORD-PHX,7:45 p.m.,7:58 p.m.,10:30 p.m.,10:30 p.m.
1765.0,flylouisville,AA-3-JFK-LAX,12:00 p.m.,12:11 p.m.,3:15 p.m.,3:16 p.m.
1766.0,flylouisville,UA-2830-MCO-CLT,3:27 p.m.,3:27 p.m.,5:05 p.m.,5:17 p.m.
1767.0,flylouisville,CO-58-DEN-IAH,11:25 a.m.,11:32 a.m.,2:50 p.m.,3:31 p.m.
1768.0,flylouisville,UA-5487-SFO-MRY,10:39 a.m.,10:33 a.m.,11:19 a.m.,11:21 a.m.
1769.0,flylouisville,AA-204-LAX-MCO,11:25 p.m.,11:25 p.m.,6:55 a.m.,6:55 a.m.
1770.0,flylouisville,UA-414-LAX-SFO,6:00 a.m.,5:56 a.m.,7:23 a.m.,7:17 a.m.
1771.0,flylouisville,CO-1614-LAX-IAH,12:30 a.m.,12:41 a.m.,5:35 a.m.,5:26 a.m.
1772.0,flylouisville,UA-2726-FLL-PHL,4:00 p.m.,4:00 p.m.,6:46 p.m.,6:28 p.m.
1773.0,flylouisville,CO-52-IAH-LAX,7:35 a.m.,7:29 a.m.,9:21 a.m.,9:14 a.m.
1774.0,flylouisville,CO-1090-BOS-IAH,9:45 a.m.,10:19 a.m.,1:16 p.m.,1:19 p.m.
1775.0,flylouisville,AA-616-DFW-DTW,9:05 a.m.,10:10 a.m.,12:35 p.m.,1:27 p.m.
1776.0,flylouisville,UA-3515-IAD-MSP,8:15 a.m.,8:12 a.m.,10:06 a.m.,9:56 a.m.
1777.0,flylouisville,AA-3468-CVG-MIA,7:00 a.m.,7:25 a.m.,9:55 a.m.,9:45 a.m.
1778.0,flylouisville,AA-484-DFW-MIA,4:15 p.m.,4:29 p.m.,7:55 p.m.,7:39 p.m.
1779.0,flylouisville,AA-1886-BOS-MIA,10:45 a.m.,10:55 a.m.,2:20 p.m.,1:40 p.m.
1780.0,flylouisville,CO-62-IAH-EWR,2:30 p.m.,2:48 p.m.,7:03 p.m.,7:10 p.m.
1781.0,flylouisville,CO-1561-PHX-IAH,8:05 a.m.,8:00 a.m.,11:35 a.m.,11:32 a.m.
1782.0,flylouisville,UA-2314-ATL-PHL,2:55 p.m.,2:55 p.m.,5:00 p.m.,4:47 p.m.
1783.0,flylouisville,AA-446-DFW-PHL,11:50 a.m.,12:12 p.m.,3:50 p.m.,4:09 p.m.
1784.0,flylouisville,CO-1023-IAH-DEN,11:40 a.m.,11:56 a.m.,1:17 p.m.,1:14 p.m.
1785.0,flylouisville,AA-466-IAH-MIA,6:00 a.m.,6:08 a.m.,9:20 a.m.,9:05 a.m.
1786.0,flylouisville,UA-3050-PHX-CLT,11:05 a.m.,11:30 a.m.,4:57 p.m.,5:05 p.m.
1787.0,flylouisville,CO-89-IAH-EWR,6:00 a.m.,6:02 a.m.,10:20 a.m.,10:27 a.m.
1788.0,flylouisville,CO-1088-CLE-IAH,8:40 a.m.,8:40 a.m.,10:54 a.m.,10:56 a.m.
1789.0,flylouisville,AA-1664-MIA-ATL,10:15 a.m.,10:18 a.m.,12:10 p.m.,11:56 a.m.
1790.0,flylouisville,AA-1279-DFW-PHX,1:00 p.m.,2:04 p.m.,2:35 p.m.,3:30 p.m.
1791.0,flylouisville,UA-854-SFO-IAH,7:53 a.m.,7:49 a.m.,1:39 p.m.,1:30 p.m.
1792.0,flylouisville,UA-382-IAD-LAX,12:30 p.m.,12:35 p.m.,3:19 p.m.,3:21 p.m.
1793.0,flylouisville,AA-4344-ORD-DTW,11:45 a.m.,12:13 p.m.,2:00 p.m.,2:10 p.m.
1794.0,flylouisville,UA-257-JFK-SFO,2:30 p.m.,2:26 p.m.,6:15 p.m.,5:42 p.m.
1795.0,flylouisville,UA-2945-PHL-CLT,12:00 a.m.,3:11 a.m.,1:45 p.m.,1:15 p.m.
1796.0,flylouisville,CO-63-EWR-IAH,5:25 p.m.,5:22 p.m.,8:22 p.m.,8:03 p.m.
1797.0,flylouisville,CO-47-IAH-LAX,8:25 p.m.,8:25 p.m.,9:25 p.m.,9:25 p.m.
1798.0,flylouisville,AA-2050-ORD-MIA,10:40 a.m.,11:05 a.m.,2:45 p.m.,2:46 p.m.
1799.0,flylouisville,UA-248-PHX-ORD,12:57 p.m.,1:32 p.m.,5:15 p.m.,5:34 p.m.
1800.0,flylouisville,AA-4330-CVG-ORD,3:35 p.m.,3:36 p.m.,4:00 p.m.,3:33 p.m.
1801.0,flylouisville,AA-1434-DFW-MCO,7:15 a.m.,7:21 a.m.,10:35 a.m.,10:36 a.m.
1802.0,flylouisville,AA-1640-MIA-MCO,6:30 p.m.,6:30 p.m.,7:25 p.m.,7:25 p.m.
1803.0,flylouisville,AA-4307-ORD-DTW,6:45 p.m.,6:55 p.m.,9:10 p.m.,8:53 p.m.
1804.0,flylouisville,CO-1694-LAX-IAH,7:15 p.m.,7:15 p.m.,12:21 a.m.,12:21 a.m.
1805.0,flylouisville,UA-843-LAX-ORD,1:55 p.m.,2:10 p.m.,7:53 p.m.,7:58 p.m.
1806.0,flylouisville,CO-1193-EWR-MCO,9:15 a.m.,9:14 a.m.,12:18 p.m.,12:09 p.m.
1807.0,flylouisville,AA-3842-MSP-ORD,6:00 a.m.,6:56 a.m.,7:30 a.m.,7:51 a.m.
1808.0,flylouisville,AA-643-MIA-ORD,7:10 a.m.,7:30 a.m.,9:35 a.m.,9:31 a.m.
1809.0,flylouisville,AA-1007-MIA-PHX,4:55 p.m.,5:08 p.m.,8:05 p.m.,7:55 p.m.
1810.0,flylouisville,UA-2906-PHL-MCO,3:50 p.m.,4:28 p.m.,6:23 p.m.,6:38 p.m.
1811.0,flylouisville,UA-938-DEN-ORD,4:16 p.m.,4:15 p.m.,7:35 p.m.,7:36 p.m.
1812.0,flylouisville,AA-1221-MCO-ORD,8:00 p.m.,8:23 p.m.,9:45 p.m.,9:53 p.m.
1813.0,flylouisville,CO-16-LAX-EWR,10:25 a.m.,10:20 a.m.,6:44 p.m.,6:34 p.m.
1814.0,flylouisville,UA-2515-DFW-CLT,7:05 a.m.,7:05 a.m.,10:31 a.m.,10:47 a.m.
1815.0,flylouisville,AA-400-DFW-JFK,10:40 a.m.,11:01 a.m.,2:59 p.m.,3:04 p.m.
1816.0,flylouisville,UA-664-ORD-PHL,1:33 p.m.,1:31 p.m.,4:31 p.m.,4:23 p.m.
1817.0,flylouisville,AA-3756-ORD-SLC,12:15 p.m.,12:41 p.m.,2:45 p.m.,2:50 p.m.
1818.0,flylouisville,UA-37-EWR-MCO,1:29 p.m.,1:48 p.m.,4:17 p.m.,4:17 p.m.
1819.0,flylouisville,AA-1522-SFO-ORD,11:55 p.m.,11:55 p.m.,5:50 a.m.,5:50 a.m.
1820.0,flylouisville,UA-233-LAX-JFK,4:25 p.m.,4:25 p.m.,12:29 a.m.,12:29 a.m.
1821.0,flylouisville,AA-3823-LAX-DEN,9:00 p.m.,9:00 p.m.,12:15 p.m.,12:15 p.m.
1822.0,flylouisville,AA-2312-DFW-DTW,8:25 p.m.,8:25 p.m.,11:50 p.m.,11:50 p.m.
1823.0,flylouisville,AA-1165-JFK-MIA,6:59 a.m.,7:22 a.m.,10:34 a.m.,10:04 a.m.
1824.0,flylouisville,AA-431-MIA-SFO,8:35 a.m.,8:51 a.m.,11:50 a.m.,11:44 a.m.
1825.0,flylouisville,UA-3373-IAD-PHL,8:29 a.m.,8:26 a.m.,9:24 a.m.,9:13 a.m.
1826.0,flylouisville,AA-649-ORD-SNA,1:30 p.m.,1:30 p.m.,3:50 p.m.,3:50 p.m.
1827.0,flylouisville,CO-1250-MIA-IAH,2:53 p.m.,3:01 p.m.,4:48 p.m.,4:59 p.m.
1828.0,flylouisville,UA-6273-YYC-SFO,7:35 a.m.,7:27 a.m.,9:43 a.m.,8:45 a.m.
1829.0,flylouisville,UA-828-SFO-ORD,11:08 p.m.,11:08 p.m.,5:11 a.m.,5:11 a.m.
1830.0,flylouisville,CO-4888-IAH-DAL,5:30 p.m.,5:30 p.m.,6:40 p.m.,6:40 p.m.
1831.0,flylouisville,UA-858-PVG-SFO,1:45 a.m.,1:32 p.m.,8:27 a.m.,8:02 a.m.
1832.0,flylouisville,UA-2704-DTW-PHX,11:15 a.m.,11:15 a.m.,1:40 p.m.,2:00 p.m.
1833.0,flylouisville,AA-3063-SLC-LAX,8:20 p.m.,8:39 p.m.,9:20 p.m.,9:20 p.m.
1834.0,flylouisville,UA-2708-EWR-CLT,2:55 p.m.,2:55 p.m.,4:53 p.m.,4:44 p.m.
1835.0,flylouisville,UA-62-IAH-EWR,2:30 p.m.,2:48 p.m.,7:03 p.m.,7:10 p.m.
1836.0,flylouisville,UA-1500-IAH-GUA,8:55 a.m.,9:16 a.m.,11:45 a.m.,11:56 a.m.
1837.0,flylouisville,AA-3804-PHL-ORD,2:35 p.m.,2:44 p.m.,4:05 p.m.,3:43 p.m.
1838.0,flylouisville,AA-1917-JFK-MCO,2:55 p.m.,3:27 p.m.,5:55 p.m.,5:43 p.m.
1839.0,flylouisville,AA-2268-PHX-ORD,7:15 a.m.,7:22 a.m.,11:35 a.m.,11:06 a.m.
1840.0,flylouisville,AA-4277-CVG-JFK,12:10 p.m.,12:10 p.m.,2:15 p.m.,1:43 p.m.
1841.0,flylouisville,AA-2957-DFW-CVG,7:55 a.m.,8:04 a.m.,11:05 a.m.,11:01 a.m.
1842.0,flylouisville,UA-37-EDI-EWR,9:05 a.m.,8:52 a.m.,11:53 a.m.,12:09 p.m.
1843.0,flylouisville,AA-789-ORD-DEN,1:05 p.m.,1:19 p.m.,2:35 p.m.,3:13 p.m.
1844.0,flylouisville,AA-415-BOS-ORD,8:35 a.m.,8:56 a.m.,10:40 a.m.,10:16 a.m.
1845.0,flylouisville,AA-85-JFK-SFO,3:05 p.m.,3:36 p.m.,6:30 p.m.,6:43 p.m.
1846.0,flylouisville,AA-3979-CVG-ORD,7:30 a.m.,8:04 a.m.,8:00 a.m.,8:06 a.m.
1847.0,flylouisville,AA-1544-SAN-ORD,11:25 a.m.,11:40 a.m.,5:25 p.m.,4:56 p.m.
1848.0,flylouisville,AA-3786-IAH-ORD,4:00 p.m.,4:12 p.m.,6:40 p.m.,6:15 p.m.
1849.0,flylouisville,AA-271-MIA-LAX,11:35 a.m.,11:52 a.m.,2:25 p.m.,2:27 p.m.
1850.0,flylouisville,AA-2525-DFW-MIA,7:25 a.m.,7:39 a.m.,11:10 a.m.,11:06 a.m.
1851.0,flylouisville,CO-50-CLE-EWR,2:55 p.m.,3:31 p.m.,4:49 p.m.,5:26 p.m.
1852.0,flylouisville,UA-3099-PHX-PHL,11:55 a.m.,11:55 a.m.,6:17 p.m.,5:38 p.m.
1853.0,flylouisville,AA-4198-ORD-CLE,10:40 a.m.,10:54 a.m.,12:55 p.m.,12:50 p.m.
1854.0,flylouisville,AA-404-MIA-MCO,6:45 a.m.,6:57 a.m.,7:45 a.m.,7:40 a.m.
1855.0,flylouisville,CO-45-EWR-MIA,4:00 p.m.,3:58 p.m.,7:05 p.m.,6:36 p.m.
1856.0,flylouisville,AA-3809-PHX-LAX,6:00 a.m.,6:10 a.m.,6:40 a.m.,6:19 a.m.
1857.0,flylouisville,AA-59-JFK-SFO,7:10 a.m.,7:39 a.m.,10:45 a.m.,11:12 a.m.
1858.0,flylouisville,AA-222-LAX-BOS,7:10 a.m.,7:31 a.m.,3:30 p.m.,3:14 p.m.
1859.0,quicktrip,AA-3859-IAH-ORD,7:10 a.m.,7:16 a.m.,9:40 a.m.,9:32 a.m.
1860.0,quicktrip,CO-1586-IAH-MCO,7:00 p.m.,7:14 p.m.,10:15 p.m.,10:29 p.m.
1861.0,quicktrip,AA-518-MIA-JFK,6:40 a.m.,6:54 a.m.,9:25 a.m.,9:28 a.m.
1862.0,quicktrip,UA-397-JFK-SFO,8:00 a.m.,8:29 a.m.,11:55 a.m.,11:58 a.m.
1863.0,quicktrip,UA-3925-IAD-ORF,8:41 a.m.,8:42 a.m.,9:54 a.m.,9:43 a.m.
1864.0,quicktrip,AA-1733-ORD-PHX,7:45 p.m.,7:58 p.m.,10:30 p.m.,10:30 p.m.
1865.0,quicktrip,AA-4344-ORD-DTW,11:45 a.m.,12:13 p.m.,2:00 p.m.,2:10 p.m.
1866.0,quicktrip,AA-1640-MIA-MCO,6:30 p.m.,6:30 p.m.,7:25 p.m.,7:25 p.m.
1867.0,quicktrip,UA-2830-MCO-CLT,3:27 p.m.,3:27 p.m.,5:05 p.m.,5:17 p.m.
1868.0,quicktrip,CO-58-DEN-IAH,11:25 a.m.,11:32 a.m.,2:50 p.m.,3:31 p.m.
1869.0,quicktrip,AA-204-LAX-MCO,11:25 p.m.,11:25 p.m.,6:55 a.m.,6:55 a.m.
1870.0,quicktrip,UA-414-LAX-SFO,6:00 a.m.,5:56 a.m.,7:23 a.m.,7:17 a.m.
1871.0,quicktrip,CO-1614-LAX-IAH,12:30 a.m.,12:41 a.m.,5:35 a.m.,5:26 a.m.
1872.0,quicktrip,UA-2726-FLL-PHL,4:00 p.m.,4:00 p.m.,6:46 p.m.,6:28 p.m.
1873.0,quicktrip,CO-52-IAH-LAX,7:35 a.m.,7:29 a.m.,9:21 a.m.,9:14 a.m.
1874.0,quicktrip,CO-1090-BOS-IAH,9:45 a.m.,10:19 a.m.,1:16 p.m.,1:19 p.m.
1875.0,quicktrip,AA-3468-CVG-MIA,7:00 a.m.,7:25 a.m.,9:55 a.m.,9:45 a.m.
1876.0,quicktrip,UA-3515-IAD-MSP,8:15 a.m.,8:12 a.m.,10:06 a.m.,9:56 a.m.
1877.0,quicktrip,AA-484-DFW-MIA,4:15 p.m.,4:29 p.m.,7:55 p.m.,7:39 p.m.
1878.0,quicktrip,AA-616-DFW-DTW,9:05 a.m.,10:10 a.m.,12:35 p.m.,1:27 p.m.
1879.0,quicktrip,CO-62-IAH-EWR,2:30 p.m.,2:48 p.m.,7:03 p.m.,7:10 p.m.
1880.0,quicktrip,CO-63-EWR-IAH,5:25 p.m.,5:22 p.m.,8:22 p.m.,8:03 p.m.
1881.0,quicktrip,AA-446-DFW-PHL,11:50 a.m.,12:12 p.m.,3:50 p.m.,4:09 p.m.
1882.0,quicktrip,CO-1023-IAH-DEN,11:40 a.m.,11:56 a.m.,1:17 p.m.,1:14 p.m.
1883.0,quicktrip,AA-466-IAH-MIA,6:00 a.m.,6:08 a.m.,9:20 a.m.,9:05 a.m.
1884.0,quicktrip,UA-3050-PHX-CLT,11:05 a.m.,11:30 a.m.,4:57 p.m.,5:05 p.m.
1885.0,quicktrip,CO-89-IAH-EWR,6:00 a.m.,6:02 a.m.,10:20 a.m.,10:27 a.m.
1886.0,quicktrip,CO-1088-CLE-IAH,8:40 a.m.,8:40 a.m.,10:54 a.m.,10:56 a.m.
1887.0,quicktrip,AA-2957-DFW-CVG,7:55 a.m.,8:04 a.m.,11:05 a.m.,11:01 a.m.
1888.0,quicktrip,AA-1664-MIA-ATL,10:15 a.m.,10:18 a.m.,12:10 p.m.,11:56 a.m.
1889.0,quicktrip,AA-3979-CVG-ORD,7:30 a.m.,8:04 a.m.,8:00 a.m.,8:06 a.m.
1890.0,quicktrip,AA-1279-DFW-PHX,1:00 p.m.,2:04 p.m.,2:35 p.m.,3:30 p.m.
1891.0,quicktrip,AA-404-MIA-MCO,6:45 a.m.,6:57 a.m.,7:45 a.m.,7:40 a.m.
1892.0,quicktrip,AA-3756-ORD-SLC,12:15 p.m.,12:41 p.m.,2:45 p.m.,2:50 p.m.
1893.0,quicktrip,UA-382-IAD-LAX,12:30 p.m.,12:35 p.m.,3:19 p.m.,3:21 p.m.
1894.0,quicktrip,UA-2945-PHL-CLT,12:00 a.m.,3:11 a.m.,1:45 p.m.,1:15 p.m.
1895.0,quicktrip,CO-47-IAH-LAX,7:10 p.m.,8:25 p.m.,8:56 p.m.,9:52 p.m.
1896.0,quicktrip,AA-271-MIA-LAX,11:35 a.m.,11:52 a.m.,2:25 p.m.,2:27 p.m.
1897.0,quicktrip,AA-2050-ORD-MIA,10:40 a.m.,11:05 a.m.,2:45 p.m.,2:46 p.m.
1898.0,quicktrip,UA-248-PHX-ORD,12:57 p.m.,1:32 p.m.,5:15 p.m.,5:34 p.m.
1899.0,quicktrip,AA-4330-CVG-ORD,3:35 p.m.,3:36 p.m.,4:00 p.m.,3:33 p.m.
1900.0,quicktrip,AA-1434-DFW-MCO,7:15 a.m.,7:21 a.m.,10:35 a.m.,10:36 a.m.
1901.0,quicktrip,CO-1561-PHX-IAH,8:05 a.m.,8:00 a.m.,11:35 a.m.,11:32 a.m.
1902.0,quicktrip,AA-4307-ORD-DTW,6:45 p.m.,6:55 p.m.,9:10 p.m.,8:53 p.m.
1903.0,quicktrip,AA-3-JFK-LAX,12:00 p.m.,12:11 p.m.,3:15 p.m.,3:16 p.m.
1904.0,quicktrip,CO-1694-LAX-IAH,7:15 p.m.,7:15 p.m.,12:21 a.m.,12:21 a.m.
1905.0,quicktrip,UA-843-LAX-ORD,1:55 p.m.,2:10 p.m.,7:53 p.m.,7:58 p.m.
1906.0,quicktrip,CO-1193-EWR-MCO,9:15 a.m.,9:14 a.m.,12:18 p.m.,12:09 p.m.
1907.0,quicktrip,AA-3842-MSP-ORD,6:00 a.m.,6:56 a.m.,7:30 a.m.,7:51 a.m.
1908.0,quicktrip,AA-643-MIA-ORD,7:10 a.m.,7:30 a.m.,9:35 a.m.,9:31 a.m.
1909.0,quicktrip,AA-1007-MIA-PHX,4:55 p.m.,5:08 p.m.,8:05 p.m.,7:55 p.m.
1910.0,quicktrip,AA-2525-DFW-MIA,7:25 a.m.,7:39 a.m.,11:10 a.m.,11:06 a.m.
1911.0,quicktrip,UA-2906-PHL-MCO,3:50 p.m.,4:28 p.m.,6:23 p.m.,6:38 p.m.
1912.0,quicktrip,UA-938-DEN-ORD,4:16 p.m.,4:15 p.m.,7:35 p.m.,7:36 p.m.
1913.0,quicktrip,AA-1221-MCO-ORD,8:00 p.m.,8:23 p.m.,9:45 p.m.,9:53 p.m.
1914.0,quicktrip,CO-16-LAX-EWR,10:25 a.m.,10:20 a.m.,6:44 p.m.,6:34 p.m.
1915.0,quicktrip,UA-2515-DFW-CLT,7:05 a.m.,7:05 a.m.,10:31 a.m.,10:47 a.m.
1916.0,quicktrip,AA-400-DFW-JFK,10:40 a.m.,11:01 a.m.,2:59 p.m.,3:04 p.m.
1917.0,quicktrip,UA-664-ORD-PHL,1:33 p.m.,1:31 p.m.,4:31 p.m.,4:23 p.m.
1918.0,quicktrip,UA-37-EWR-MCO,1:29 p.m.,1:48 p.m.,4:17 p.m.,4:17 p.m.
1919.0,quicktrip,AA-1522-SFO-ORD,11:55 p.m.,11:55 p.m.,5:50 a.m.,5:50 a.m.
1920.0,quicktrip,UA-233-LAX-JFK,4:25 p.m.,4:25 p.m.,12:29 a.m.,12:29 a.m.
1921.0,quicktrip,AA-3823-LAX-DEN,9:00 p.m.,9:00 p.m.,12:15 a.m.,12:15 a.m.
1922.0,quicktrip,AA-2312-DFW-DTW,8:25 p.m.,8:25 p.m.,11:50 p.m.,11:50 p.m.
1923.0,quicktrip,UA-2314-ATL-PHL,2:55 p.m.,2:55 p.m.,5:00 p.m.,4:47 p.m.
1924.0,quicktrip,AA-1165-JFK-MIA,6:59 a.m.,7:22 a.m.,10:34 a.m.,10:04 a.m.
1925.0,quicktrip,AA-431-MIA-SFO,8:35 a.m.,8:51 a.m.,11:50 a.m.,11:44 a.m.
1926.0,quicktrip,UA-257-JFK-SFO,2:30 p.m.,2:26 p.m.,6:15 p.m.,5:42 p.m.
1927.0,quicktrip,UA-3373-IAD-PHL,8:29 a.m.,8:26 a.m.,9:24 a.m.,9:13 a.m.
1928.0,quicktrip,CO-1250-MIA-IAH,2:53 p.m.,3:01 p.m.,4:48 p.m.,4:59 p.m.
1929.0,quicktrip,UA-828-SFO-ORD,11:08 p.m.,11:08 p.m.,5:11 a.m.,5:11 a.m.
1930.0,quicktrip,CO-4888-IAH-DAL,5:30 p.m.,5:30 p.m.,6:40 p.m.,6:40 p.m.
1931.0,quicktrip,UA-2704-DTW-PHX,11:15 a.m.,11:15 a.m.,1:40 p.m.,2:00 p.m.
1932.0,quicktrip,AA-3063-SLC-LAX,8:20 p.m.,8:39 p.m.,9:20 p.m.,9:20 p.m.
1933.0,quicktrip,UA-2708-EWR-CLT,2:55 p.m.,2:55 p.m.,4:53 p.m.,4:44 p.m.
1934.0,quicktrip,UA-62-IAH-EWR,2:30 p.m.,2:48 p.m.,7:03 p.m.,7:10 p.m.
1935.0,quicktrip,AA-3804-PHL-ORD,2:35 p.m.,2:44 p.m.,4:05 p.m.,3:43 p.m.
1936.0,quicktrip,AA-1917-JFK-MCO,2:55 p.m.,3:27 p.m.,5:55 p.m.,5:43 p.m.
1937.0,quicktrip,AA-2268-PHX-ORD,7:15 a.m.,7:22 a.m.,11:35 a.m.,11:06 a.m.
1938.0,quicktrip,AA-4277-CVG-JFK,12:10 p.m.,12:10 p.m.,2:15 p.m.,1:43 p.m.
1939.0,quicktrip,AA-789-ORD-DEN,1:05 p.m.,1:19 p.m.,2:35 p.m.,3:13 p.m.
1940.0,quicktrip,UA-854-SFO-IAH,7:53 a.m.,7:49 a.m.,1:39 p.m.,1:30 p.m.
1941.0,quicktrip,AA-415-BOS-ORD,8:35 a.m.,8:56 a.m.,10:40 a.m.,10:16 a.m.
1942.0,quicktrip,AA-85-JFK-SFO,3:05 p.m.,3:36 p.m.,6:30 p.m.,6:43 p.m.
1943.0,quicktrip,AA-3786-IAH-ORD,4:00 p.m.,4:12 p.m.,6:40 p.m.,6:15 p.m.
1944.0,quicktrip,AA-222-LAX-BOS,7:10 a.m.,7:31 a.m.,3:30 p.m.,3:14 p.m.
1945.0,quicktrip,CO-50-CLE-EWR,2:55 p.m.,3:31 p.m.,4:49 p.m.,5:26 p.m.
1946.0,quicktrip,UA-3099-PHX-PHL,11:55 a.m.,11:55 a.m.,6:17 p.m.,5:38 p.m.
1947.0,quicktrip,AA-4198-ORD-CLE,10:40 a.m.,10:54 a.m.,12:55 p.m.,12:50 p.m.
1948.0,quicktrip,CO-45-EWR-MIA,4:00 p.m.,3:58 p.m.,7:05 p.m.,6:36 p.m.
1949.0,quicktrip,AA-3809-PHX-LAX,6:00 a.m.,6:10 a.m.,6:40 a.m.,6:19 a.m.
1950.0,quicktrip,AA-59-JFK-SFO,7:10 a.m.,7:39 a.m.,10:45 a.m.,11:12 a.m.
1951.0,allegiantair,AA-3859-IAH-ORD,7:10 a.m.,7:16 a.m.,9:40 a.m.,9:32 a.m.
1952.0,allegiantair,CO-1586-IAH-MCO,7:00 p.m.,7:14 p.m.,10:15 p.m.,10:29 p.m.
1953.0,allegiantair,AA-518-MIA-JFK,6:40 a.m.,6:54 a.m.,9:25 a.m.,9:28 a.m.
1954.0,allegiantair,UA-397-JFK-SFO,8:00 a.m.,8:29 a.m.,11:55 a.m.,11:58 a.m.
1955.0,allegiantair,UA-3925-IAD-ORF,8:41 a.m.,8:42 a.m.,9:54 a.m.,9:43 a.m.
1956.0,allegiantair,AA-1733-ORD-PHX,7:45 p.m.,7:58 p.m.,10:30 p.m.,10:30 p.m.
1957.0,allegiantair,AA-3-JFK-LAX,12:00 p.m.,12:11 p.m.,3:15 p.m.,3:16 p.m.
1958.0,allegiantair,UA-2830-MCO-CLT,3:27 p.m.,3:27 p.m.,5:05 p.m.,5:17 p.m.
1959.0,allegiantair,CO-58-DEN-IAH,11:25 a.m.,11:32 a.m.,2:50 p.m.,3:31 p.m.
1960.0,allegiantair,UA-5487-SFO-MRY,10:39 a.m.,10:33 a.m.,11:19 a.m.,11:21 a.m.
1961.0,allegiantair,AA-204-LAX-MCO,11:25 p.m.,11:25 p.m.,6:55 a.m.,6:55 a.m.
1962.0,allegiantair,UA-414-LAX-SFO,6:00 a.m.,5:56 a.m.,7:23 a.m.,7:17 a.m.
1963.0,allegiantair,CO-1614-LAX-IAH,12:30 a.m.,12:41 a.m.,5:35 a.m.,5:26 a.m.
1964.0,allegiantair,UA-2726-FLL-PHL,4:00 p.m.,4:00 p.m.,6:46 p.m.,6:28 p.m.
1965.0,allegiantair,CO-52-IAH-LAX,7:35 a.m.,7:29 a.m.,9:21 a.m.,9:14 a.m.
1966.0,allegiantair,CO-1090-BOS-IAH,9:45 a.m.,10:19 a.m.,1:16 p.m.,1:19 p.m.
1967.0,allegiantair,AA-616-DFW-DTW,9:05 a.m.,10:10 a.m.,12:35 p.m.,1:27 p.m.
1968.0,allegiantair,UA-3515-IAD-MSP,8:15 a.m.,8:12 a.m.,10:06 a.m.,9:56 a.m.
1969.0,allegiantair,AA-3468-CVG-MIA,7:00 a.m.,7:25 a.m.,9:55 a.m.,9:45 a.m.
1970.0,allegiantair,AA-484-DFW-MIA,4:15 p.m.,4:29 p.m.,7:55 p.m.,7:39 p.m.
1971.0,allegiantair,AA-1886-BOS-MIA,10:45 a.m.,10:55 a.m.,2:20 p.m.,1:40 p.m.
1972.0,allegiantair,CO-62-IAH-EWR,2:30 p.m.,2:48 p.m.,7:03 p.m.,7:10 p.m.
1973.0,allegiantair,CO-1561-PHX-IAH,8:05 a.m.,8:00 a.m.,11:35 a.m.,11:32 a.m.
1974.0,allegiantair,UA-2314-ATL-PHL,2:55 p.m.,2:55 p.m.,4:53 p.m.,4:47 p.m.
1975.0,allegiantair,AA-446-DFW-PHL,11:50 a.m.,12:12 p.m.,3:50 p.m.,4:09 p.m.
1976.0,allegiantair,CO-1023-IAH-DEN,11:40 a.m.,11:56 a.m.,1:17 p.m.,1:14 p.m.
1977.0,allegiantair,AA-466-IAH-MIA,6:00 a.m.,6:08 a.m.,9:20 a.m.,9:05 a.m.
1978.0,allegiantair,UA-3050-PHX-CLT,11:05 a.m.,11:30 a.m.,4:57 p.m.,5:05 p.m.
1979.0,allegiantair,CO-89-IAH-EWR,6:00 a.m.,6:02 a.m.,10:20 a.m.,10:27 a.m.
1980.0,allegiantair,CO-1088-CLE-IAH,8:40 a.m.,8:40 a.m.,10:54 a.m.,10:56 a.m.
1981.0,allegiantair,AA-1664-MIA-ATL,10:15 a.m.,10:18 a.m.,12:10 p.m.,11:56 a.m.
1982.0,allegiantair,AA-1279-DFW-PHX,1:00 p.m.,2:04 p.m.,2:35 p.m.,3:30 p.m.
1983.0,allegiantair,UA-854-SFO-IAH,7:53 a.m.,7:49 a.m.,1:39 p.m.,1:30 p.m.
1984.0,allegiantair,UA-382-IAD-LAX,12:30 p.m.,12:35 p.m.,3:19 p.m.,3:21 p.m.
1985.0,allegiantair,AA-4344-ORD-DTW,11:45 a.m.,12:13 p.m.,2:00 p.m.,2:10 p.m.
1986.0,allegiantair,UA-257-JFK-SFO,2:30 p.m.,2:26 p.m.,6:15 p.m.,5:42 p.m.
1987.0,allegiantair,UA-2945-PHL-CLT,12:00 a.m.,3:11 a.m.,1:45 p.m.,1:15 p.m.
1988.0,allegiantair,CO-63-EWR-IAH,7:10 p.m.,6:55 p.m.,8:22 p.m.,8:03 p.m.
1989.0,allegiantair,CO-47-IAH-LAX,7:10 p.m.,8:25 p.m.,8:56 p.m.,9:52 p.m.
1990.0,allegiantair,AA-2050-ORD-MIA,10:40 a.m.,11:05 a.m.,2:45 p.m.,2:46 p.m.
1991.0,allegiantair,UA-248-PHX-ORD,12:57 p.m.,1:32 p.m.,5:15 p.m.,5:34 p.m.
1992.0,allegiantair,AA-4330-CVG-ORD,3:35 p.m.,3:36 p.m.,4:00 p.m.,3:33 p.m.
1993.0,allegiantair,AA-1434-DFW-MCO,7:15 a.m.,7:21 a.m.,10:35 a.m.,10:36 a.m.
1994.0,allegiantair,AA-1640-MIA-MCO,6:30 p.m.,6:30 p.m.,7:25 p.m.,7:25 p.m.
1995.0,allegiantair,AA-4307-ORD-DTW,6:45 p.m.,6:55 p.m.,9:10 p.m.,8:53 p.m.
1996.0,allegiantair,CO-1694-LAX-IAH,7:15 p.m.,7:15 p.m.,12:21 a.m.,12:21 a.m.
1997.0,allegiantair,UA-843-LAX-ORD,1:55 p.m.,2:10 p.m.,7:53 p.m.,7:58 p.m.
1998.0,allegiantair,CO-1193-EWR-MCO,9:15 a.m.,9:14 a.m.,12:18 p.m.,12:09 p.m.
1999.0,allegiantair,AA-3842-MSP-ORD,6:00 a.m.,6:56 a.m.,7:30 a.m.,7:51 a.m.
2000.0,allegiantair,AA-643-MIA-ORD,7:10 a.m.,7:30 a.m.,9:35 a.m.,9:31 a.m.
2001.0,allegiantair,AA-1007-MIA-PHX,1:45 p.m.,1:32 p.m.,2:35 p.m.,3:13 p.m.
2002.0,allegiantair,UA-2906-PHL-MCO,3:50 p.m.,4:28 p.m.,6:23 p.m.,6:38 p.m.
2003.0,allegiantair,UA-938-DEN-ORD,4:16 p.m.,4:15 p.m.,7:35 p.m.,7:36 p.m.
2004.0,allegiantair,AA-1221-MCO-ORD,8:00 p.m.,8:23 p.m.,9:45 p.m.,9:53 p.m.
2005.0,allegiantair,CO-16-LAX-EWR,10:25 a.m.,10:20 a.m.,6:44 p.m.,6:34 p.m.
2006.0,allegiantair,UA-2515-DFW-CLT,7:05 a.m.,7:05 a.m.,10:31 a.m.,10:47 a.m.
2007.0,allegiantair,AA-400-DFW-JFK,10:40 a.m.,11:01 a.m.,2:59 p.m.,3:04 p.m.
2008.0,allegiantair,UA-664-ORD-PHL,1:33 p.m.,1:31 p.m.,4:31 p.m.,4:23 p.m.
2009.0,allegiantair,AA-3756-ORD-SLC,12:15 p.m.,12:41 p.m.,2:45 p.m.,2:50 p.m.
2010.0,allegiantair,UA-37-EWR-MCO,1:29 p.m.,1:48 p.m.,4:17 p.m.,4:17 p.m.
2011.0,allegiantair,AA-1522-SFO-ORD,11:55 p.m.,11:55 p.m.,8:22 p.m.,8:03 p.m.
2012.0,allegiantair,UA-233-LAX-JFK,4:25 p.m.,4:25 p.m.,12:29 a.m.,12:29 a.m.
2013.0,allegiantair,AA-3823-LAX-DEN,9:00 p.m.,9:00 p.m.,12:15 a.m.,12:15 a.m.
2014.0,allegiantair,AA-2312-DFW-DTW,8:25 p.m.,8:25 p.m.,11:50 p.m.,11:50 p.m.
2015.0,allegiantair,AA-1165-JFK-MIA,6:59 a.m.,7:22 a.m.,10:34 a.m.,10:04 a.m.
2016.0,allegiantair,AA-431-MIA-SFO,8:35 a.m.,8:51 a.m.,11:50 a.m.,11:44 a.m.
2017.0,allegiantair,UA-3373-IAD-PHL,8:29 a.m.,8:26 a.m.,9:24 a.m.,9:13 a.m.
2018.0,allegiantair,AA-649-ORD-SNA,1:30 p.m.,1:30 p.m.,3:50 p.m.,3:50 p.m.
2019.0,allegiantair,CO-1250-MIA-IAH,2:53 p.m.,3:01 p.m.,4:48 p.m.,4:59 p.m.
2020.0,allegiantair,UA-6273-YYC-SFO,7:35 a.m.,7:27 a.m.,9:43 a.m.,8:45 a.m.
2021.0,allegiantair,UA-828-SFO-ORD,11:08 p.m.,11:08 p.m.,5:11 a.m.,5:11 a.m.
2022.0,allegiantair,CO-4888-IAH-DAL,5:30 p.m.,5:30 p.m.,6:40 p.m.,6:40 p.m.
2023.0,allegiantair,UA-858-PVG-SFO,1:45 p.m.,1:32 p.m.,8:27 a.m.,8:02 a.m.
2024.0,allegiantair,UA-2704-DTW-PHX,11:15 a.m.,11:15 a.m.,1:40 p.m.,2:00 p.m.
2025.0,allegiantair,AA-3063-SLC-LAX,8:20 p.m.,8:39 p.m.,9:20 p.m.,9:20 p.m.
2026.0,allegiantair,UA-2708-EWR-CLT,2:55 p.m.,2:55 p.m.,4:53 p.m.,4:44 p.m.
2027.0,allegiantair,UA-62-IAH-EWR,2:30 p.m.,2:48 p.m.,7:03 p.m.,7:10 p.m.
2028.0,allegiantair,UA-1500-IAH-GUA,9:45 a.m.,10:19 a.m.,1:16 p.m.,1:19 p.m.
2029.0,allegiantair,AA-3804-PHL-ORD,2:35 p.m.,2:44 p.m.,4:05 p.m.,3:43 p.m.
2030.0,allegiantair,AA-1917-JFK-MCO,2:55 p.m.,3:27 p.m.,5:55 p.m.,5:43 p.m.
2031.0,allegiantair,AA-2268-PHX-ORD,7:15 a.m.,7:22 a.m.,11:35 a.m.,11:06 a.m.
2032.0,allegiantair,AA-4277-CVG-JFK,12:10 p.m.,12:10 p.m.,2:15 p.m.,1:43 p.m.
2033.0,allegiantair,AA-2957-DFW-CVG,7:55 a.m.,8:04 a.m.,11:05 a.m.,11:01 a.m.
2034.0,allegiantair,UA-37-EDI-EWR,9:15 a.m.,8:52 a.m.,11:53 a.m.,12:09 p.m.
2035.0,allegiantair,AA-789-ORD-DEN,1:05 p.m.,1:19 p.m.,2:35 p.m.,3:13 p.m.
2036.0,allegiantair,AA-415-BOS-ORD,8:35 a.m.,8:56 a.m.,10:40 a.m.,10:16 a.m.
2037.0,allegiantair,AA-85-JFK-SFO,3:05 p.m.,3:36 p.m.,6:30 p.m.,6:43 p.m.
2038.0,allegiantair,AA-3979-CVG-ORD,7:30 a.m.,8:04 a.m.,8:00 a.m.,8:06 a.m.
2039.0,allegiantair,AA-1544-SAN-ORD,11:25 a.m.,11:40 a.m.,5:25 p.m.,4:56 p.m.
2040.0,allegiantair,AA-3786-IAH-ORD,4:00 p.m.,4:12 p.m.,6:40 p.m.,6:15 p.m.
2041.0,allegiantair,AA-271-MIA-LAX,11:35 a.m.,11:52 a.m.,2:25 p.m.,2:27 p.m.
2042.0,allegiantair,AA-2525-DFW-MIA,7:25 a.m.,7:39 a.m.,11:10 a.m.,11:06 a.m.
2043.0,allegiantair,CO-50-CLE-EWR,2:55 p.m.,3:31 p.m.,4:49 p.m.,5:26 p.m.
2044.0,allegiantair,UA-3099-PHX-PHL,11:55 a.m.,11:55 a.m.,6:17 p.m.,5:38 p.m.
2045.0,allegiantair,AA-4198-ORD-CLE,10:40 a.m.,10:54 a.m.,12:55 p.m.,12:50 p.m.
2046.0,allegiantair,AA-404-MIA-MCO,6:45 a.m.,6:57 a.m.,7:45 a.m.,7:40 a.m.
2047.0,allegiantair,CO-45-EWR-MIA,4:00 p.m.,3:58 p.m.,7:05 p.m.,6:36 p.m.
2048.0,allegiantair,AA-3809-PHX-LAX,6:00 a.m.,6:10 a.m.,6:40 a.m.,6:19 a.m.
2049.0,allegiantair,AA-59-JFK-SFO,7:10 a.m.,7:39 a.m.,10:45 a.m.,11:12 a.m.
2050.0,allegiantair,AA-222-LAX-BOS,7:10 a.m.,7:31 a.m.,3:30 p.m.,3:14 p.m.
2051.0,businesstravellogue,AA-3859-IAH-ORD,7:10 a.m.,7:16 a.m.,9:40 a.m.,9:32 a.m.
2052.0,businesstravellogue,CO-1586-IAH-MCO,7:00 p.m.,7:14 p.m.,10:15 p.m.,10:29 p.m.
2053.0,businesstravellogue,AA-518-MIA-JFK,6:40 a.m.,6:54 a.m.,9:25 a.m.,9:28 a.m.
2054.0,businesstravellogue,UA-397-JFK-SFO,8:00 a.m.,8:29 a.m.,11:55 a.m.,11:58 a.m.
2055.0,businesstravellogue,UA-3925-IAD-ORF,8:41 a.m.,8:42 a.m.,9:54 a.m.,9:43 a.m.
2056.0,businesstravellogue,AA-1733-ORD-PHX,7:45 p.m.,7:58 p.m.,10:30 p.m.,10:30 p.m.
2057.0,businesstravellogue,AA-3-JFK-LAX,12:00 p.m.,12:11 p.m.,3:15 p.m.,3:16 p.m.
2058.0,businesstravellogue,UA-2830-MCO-CLT,3:27 p.m.,3:27 p.m.,5:05 p.m.,5:17 p.m.
2059.0,businesstravellogue,CO-58-DEN-IAH,11:25 a.m.,11:32 a.m.,2:50 p.m.,3:31 p.m.
2060.0,businesstravellogue,UA-5487-SFO-MRY,10:39 a.m.,10:33 a.m.,11:19 a.m.,11:21 a.m.
2061.0,businesstravellogue,AA-204-LAX-MCO,11:25 p.m.,11:25 p.m.,6:55 a.m.,6:55 a.m.
2062.0,businesstravellogue,UA-414-LAX-SFO,6:00 a.m.,5:56 a.m.,7:23 a.m.,7:17 a.m.
2063.0,businesstravellogue,CO-1614-LAX-IAH,12:30 a.m.,12:41 a.m.,5:35 a.m.,5:26 a.m.
2064.0,businesstravellogue,UA-2726-FLL-PHL,4:00 p.m.,4:00 p.m.,6:46 p.m.,6:28 p.m.
2065.0,businesstravellogue,CO-52-IAH-LAX,7:35 a.m.,7:29 a.m.,9:21 a.m.,9:14 a.m.
2066.0,businesstravellogue,CO-1090-BOS-IAH,9:45 a.m.,10:19 a.m.,1:16 p.m.,1:19 p.m.
2067.0,businesstravellogue,AA-616-DFW-DTW,9:05 a.m.,10:10 a.m.,12:35 p.m.,1:27 p.m.
2068.0,businesstravellogue,UA-3515-IAD-MSP,8:15 a.m.,8:12 a.m.,10:06 a.m.,9:56 a.m.
2069.0,businesstravellogue,AA-3468-CVG-MIA,7:00 a.m.,7:25 a.m.,9:55 a.m.,9:45 a.m.
2070.0,businesstravellogue,AA-484-DFW-MIA,4:15 p.m.,4:29 p.m.,7:55 p.m.,7:39 p.m.
2071.0,businesstravellogue,AA-1886-BOS-MIA,10:45 a.m.,10:55 a.m.,2:20 p.m.,1:40 p.m.
2072.0,businesstravellogue,CO-62-IAH-EWR,2:30 p.m.,2:48 p.m.,7:03 p.m.,7:10 p.m.
2073.0,businesstravellogue,CO-1561-PHX-IAH,8:05 a.m.,8:00 a.m.,11:35 a.m.,11:32 a.m.
2074.0,businesstravellogue,UA-2314-ATL-PHL,2:55 p.m.,2:55 p.m.,5:00 p.m.,4:47 p.m.
2075.0,businesstravellogue,AA-446-DFW-PHL,11:50 a.m.,12:12 p.m.,3:50 p.m.,4:09 p.m.
2076.0,businesstravellogue,CO-1023-IAH-DEN,11:40 a.m.,11:56 a.m.,1:17 p.m.,1:14 p.m.
2077.0,businesstravellogue,AA-466-IAH-MIA,6:00 a.m.,6:08 a.m.,9:20 a.m.,9:05 a.m.
2078.0,businesstravellogue,UA-3050-PHX-CLT,11:05 a.m.,11:30 a.m.,4:57 p.m.,5:05 p.m.
2079.0,businesstravellogue,CO-89-IAH-EWR,6:00 a.m.,6:02 a.m.,10:20 a.m.,10:27 a.m.
2080.0,businesstravellogue,CO-1088-CLE-IAH,8:40 a.m.,8:40 a.m.,10:54 a.m.,10:56 a.m.
2081.0,businesstravellogue,AA-1664-MIA-ATL,10:15 a.m.,10:18 a.m.,12:10 p.m.,11:56 a.m.
2082.0,businesstravellogue,AA-1279-DFW-PHX,1:00 p.m.,2:04 p.m.,2:35 p.m.,3:30 p.m.
2083.0,businesstravellogue,UA-854-SFO-IAH,7:53 a.m.,7:49 a.m.,1:39 p.m.,1:30 p.m.
2084.0,businesstravellogue,UA-382-IAD-LAX,12:30 p.m.,12:35 p.m.,3:19 p.m.,3:21 p.m.
2085.0,businesstravellogue,AA-4344-ORD-DTW,11:45 a.m.,12:13 p.m.,2:00 p.m.,2:10 p.m.
2086.0,businesstravellogue,UA-257-JFK-SFO,2:30 p.m.,2:26 p.m.,6:15 p.m.,5:42 p.m.
2087.0,businesstravellogue,UA-2945-PHL-CLT,12:00 p.m.,12:11 p.m.,1:45 p.m.,1:15 p.m.
2088.0,businesstravellogue,CO-63-EWR-IAH,5:25 p.m.,5:22 p.m.,8:22 p.m.,8:03 p.m.
2089.0,businesstravellogue,CO-47-IAH-LAX,8:25 p.m.,8:25 p.m.,8:56 p.m.,9:52 p.m.
2090.0,businesstravellogue,AA-2050-ORD-MIA,10:40 a.m.,11:05 a.m.,2:45 p.m.,2:46 p.m.
2091.0,businesstravellogue,UA-248-PHX-ORD,12:57 p.m.,1:32 p.m.,5:15 p.m.,5:34 p.m.
2092.0,businesstravellogue,AA-4330-CVG-ORD,3:35 p.m.,3:36 p.m.,4:00 p.m.,3:33 p.m.
2093.0,businesstravellogue,AA-1434-DFW-MCO,7:15 a.m.,7:21 a.m.,10:35 a.m.,10:36 a.m.
2094.0,businesstravellogue,AA-1640-MIA-MCO,6:30 p.m.,6:30 p.m.,7:25 p.m.,7:25 p.m.
2095.0,businesstravellogue,AA-4307-ORD-DTW,6:45 p.m.,6:55 p.m.,9:10 p.m.,8:53 p.m.
2096.0,businesstravellogue,CO-1694-LAX-IAH,7:15 p.m.,7:15 p.m.,12:21 a.m.,12:21 a.m.
2097.0,businesstravellogue,UA-843-LAX-ORD,1:55 p.m.,2:10 p.m.,7:53 p.m.,7:58 p.m.
2098.0,businesstravellogue,CO-1193-EWR-MCO,9:15 a.m.,9:14 a.m.,12:18 p.m.,12:09 p.m.
2099.0,businesstravellogue,AA-3842-MSP-ORD,6:00 a.m.,6:56 a.m.,7:30 a.m.,7:51 a.m.
2100.0,businesstravellogue,AA-643-MIA-ORD,7:10 a.m.,7:30 a.m.,9:35 a.m.,9:31 a.m.
2101.0,businesstravellogue,AA-1007-MIA-PHX,4:55 p.m.,5:08 p.m.,8:05 p.m.,7:55 p.m.
2102.0,businesstravellogue,UA-2906-PHL-MCO,3:50 p.m.,4:28 p.m.,6:23 p.m.,6:38 p.m.
2103.0,businesstravellogue,UA-938-DEN-ORD,4:16 p.m.,4:15 p.m.,7:35 p.m.,7:36 p.m.
2104.0,businesstravellogue,AA-1221-MCO-ORD,8:00 p.m.,8:23 p.m.,9:45 p.m.,9:53 p.m.
2105.0,businesstravellogue,CO-16-LAX-EWR,10:25 a.m.,10:20 a.m.,6:44 p.m.,6:34 p.m.
2106.0,businesstravellogue,UA-2515-DFW-CLT,7:05 a.m.,7:05 a.m.,10:31 a.m.,10:47 a.m.
2107.0,businesstravellogue,AA-400-DFW-JFK,10:40 a.m.,11:01 a.m.,2:59 p.m.,3:04 p.m.
2108.0,businesstravellogue,UA-664-ORD-PHL,1:33 p.m.,1:31 p.m.,4:31 p.m.,4:23 p.m.
2109.0,businesstravellogue,AA-3756-ORD-SLC,12:15 p.m.,12:41 p.m.,2:45 p.m.,2:50 p.m.
2110.0,businesstravellogue,UA-37-EWR-MCO,1:29 p.m.,1:48 p.m.,4:17 p.m.,4:17 p.m.
2111.0,businesstravellogue,AA-1522-SFO-ORD,11:55 p.m.,11:55 p.m.,5:50 a.m.,5:50 a.m.
2112.0,businesstravellogue,UA-233-LAX-JFK,4:25 p.m.,4:25 p.m.,12:29 a.m.,12:29 a.m.
2113.0,businesstravellogue,AA-3823-LAX-DEN,9:00 p.m.,9:00 p.m.,12:15 a.m.,12:15 a.m.
2114.0,businesstravellogue,AA-2312-DFW-DTW,8:25 p.m.,8:25 p.m.,11:50 p.m.,11:50 p.m.
2115.0,businesstravellogue,AA-1165-JFK-MIA,6:59 a.m.,7:22 a.m.,10:34 a.m.,10:04 a.m.
2116.0,businesstravellogue,AA-431-MIA-SFO,8:35 a.m.,8:51 a.m.,11:50 a.m.,11:44 a.m.
2117.0,businesstravellogue,UA-3373-IAD-PHL,8:29 a.m.,8:26 a.m.,9:24 a.m.,9:13 a.m.
2118.0,businesstravellogue,AA-649-ORD-SNA,1:30 p.m.,1:30 p.m.,3:50 p.m.,3:50 p.m.
2119.0,businesstravellogue,CO-1250-MIA-IAH,2:53 p.m.,3:01 p.m.,4:48 p.m.,4:59 p.m.
2120.0,businesstravellogue,UA-6273-YYC-SFO,7:35 a.m.,7:27 a.m.,9:43 a.m.,8:45 a.m.
2121.0,businesstravellogue,UA-828-SFO-ORD,11:08 p.m.,11:08 p.m.,5:11 a.m.,5:11 a.m.
2122.0,businesstravellogue,CO-4888-IAH-DAL,5:30 p.m.,5:30 p.m.,6:40 p.m.,6:40 p.m.
2123.0,businesstravellogue,UA-858-PVG-SFO,1:45 p.m.,1:32 p.m.,8:27 a.m.,8:02 a.m.
2124.0,businesstravellogue,UA-2704-DTW-PHX,11:15 a.m.,11:15 a.m.,1:40 p.m.,2:00 p.m.
2125.0,businesstravellogue,AA-3063-SLC-LAX,8:20 p.m.,8:39 p.m.,9:20 p.m.,9:20 p.m.
2126.0,businesstravellogue,UA-2708-EWR-CLT,2:55 p.m.,2:55 p.m.,4:53 p.m.,4:44 p.m.
2127.0,businesstravellogue,UA-62-IAH-EWR,2:30 p.m.,2:48 p.m.,7:03 p.m.,7:10 p.m.
2128.0,businesstravellogue,UA-1500-IAH-GUA,8:55 a.m.,9:16 a.m.,11:45 a.m.,11:56 a.m.
2129.0,businesstravellogue,AA-3804-PHL-ORD,2:35 p.m.,2:44 p.m.,4:05 p.m.,3:43 p.m.
2130.0,businesstravellogue,AA-1917-JFK-MCO,2:55 p.m.,3:27 p.m.,5:55 p.m.,5:43 p.m.
2131.0,businesstravellogue,AA-2268-PHX-ORD,7:15 a.m.,7:22 a.m.,11:35 a.m.,11:06 a.m.
2132.0,businesstravellogue,AA-4277-CVG-JFK,12:10 p.m.,12:10 p.m.,2:15 p.m.,1:43 p.m.
2133.0,businesstravellogue,AA-2957-DFW-CVG,7:55 a.m.,8:04 a.m.,11:05 a.m.,11:01 a.m.
2134.0,businesstravellogue,UA-37-EDI-EWR,9:05 a.m.,8:52 a.m.,11:53 a.m.,12:09 p.m.
2135.0,businesstravellogue,AA-789-ORD-DEN,1:05 p.m.,1:19 p.m.,2:35 p.m.,3:13 p.m.
2136.0,businesstravellogue,AA-415-BOS-ORD,8:35 a.m.,8:56 a.m.,10:40 a.m.,10:16 a.m.
2137.0,businesstravellogue,AA-85-JFK-SFO,3:05 p.m.,3:36 p.m.,6:30 p.m.,6:43 p.m.
2138.0,businesstravellogue,AA-3979-CVG-ORD,7:30 a.m.,8:04 a.m.,8:00 a.m.,8:06 a.m.
2139.0,businesstravellogue,AA-1544-SAN-ORD,11:25 a.m.,11:40 a.m.,5:25 p.m.,4:56 p.m.
2140.0,businesstravellogue,AA-3786-IAH-ORD,4:00 p.m.,4:12 p.m.,6:40 p.m.,6:15 p.m.
2141.0,businesstravellogue,AA-271-MIA-LAX,11:35 a.m.,11:52 a.m.,2:25 p.m.,2:27 p.m.
2142.0,businesstravellogue,AA-2525-DFW-MIA,7:25 a.m.,7:39 a.m.,11:10 a.m.,11:06 a.m.
2143.0,businesstravellogue,CO-50-CLE-EWR,2:55 p.m.,3:31 p.m.,4:49 p.m.,5:26 p.m.
2144.0,businesstravellogue,UA-3099-PHX-PHL,11:55 a.m.,11:55 a.m.,6:17 p.m.,5:38 p.m.
2145.0,businesstravellogue,AA-4198-ORD-CLE,10:40 a.m.,10:54 a.m.,12:55 p.m.,12:50 p.m.
2146.0,businesstravellogue,AA-404-MIA-MCO,6:45 a.m.,6:57 a.m.,7:45 a.m.,7:40 a.m.
2147.0,businesstravellogue,CO-45-EWR-MIA,4:00 p.m.,3:58 p.m.,7:05 p.m.,6:36 p.m.
2148.0,businesstravellogue,AA-3809-PHX-LAX,6:00 a.m.,6:10 a.m.,6:40 a.m.,6:19 a.m.
2149.0,businesstravellogue,AA-59-JFK-SFO,7:10 a.m.,7:39 a.m.,10:45 a.m.,11:12 a.m.
2150.0,businesstravellogue,AA-222-LAX-BOS,7:10 a.m.,7:31 a.m.,3:30 p.m.,3:14 p.m.
2151.0,den,CO-58-DEN-IAH,11:25 a.m.,11:32 a.m.,2:50 p.m.,3:31 p.m.
2152.0,den,CO-1023-IAH-DEN,11:40 a.m.,11:56 a.m.,1:17 p.m.,1:14 p.m.
2153.0,den,AA-3823-LAX-DEN,9:00 p.m.,9:00 p.m.,12:15 a.m.,12:15 a.m.
2154.0,den,UA-938-DEN-ORD,4:16 p.m.,4:15 p.m.,7:35 p.m.,7:36 p.m.
2155.0,den,AA-789-ORD-DEN,1:05 p.m.,1:19 p.m.,2:35 p.m.,3:13 p.m.
2156.0,gofox,AA-3859-IAH-ORD,7:10 a.m.,7:16 a.m.,9:40 a.m.,9:32 a.m.
2157.0,gofox,CO-1586-IAH-MCO,7:00 p.m.,7:14 p.m.,10:15 p.m.,10:29 p.m.
2158.0,gofox,AA-518-MIA-JFK,6:40 a.m.,6:54 a.m.,9:25 a.m.,9:28 a.m.
2159.0,gofox,UA-397-JFK-SFO,8:00 a.m.,8:29 a.m.,11:55 a.m.,11:58 a.m.
2160.0,gofox,UA-3925-IAD-ORF,8:41 a.m.,8:42 a.m.,9:54 a.m.,9:43 a.m.
2161.0,gofox,AA-1733-ORD-PHX,7:45 p.m.,7:58 p.m.,10:30 p.m.,10:30 p.m.
2162.0,gofox,AA-3-JFK-LAX,12:00 p.m.,12:11 p.m.,3:15 p.m.,3:16 p.m.
2163.0,gofox,UA-2830-MCO-CLT,3:27 p.m.,3:27 p.m.,5:05 p.m.,5:17 p.m.
2164.0,gofox,CO-58-DEN-IAH,11:50 a.m.,12:41 a.m.,2:45 p.m.,3:31 p.m.
2165.0,gofox,UA-5487-SFO-MRY,10:39 a.m.,10:33 a.m.,11:19 a.m.,11:21 a.m.
2166.0,gofox,AA-204-LAX-MCO,11:25 p.m.,11:25 p.m.,6:55 a.m.,6:55 a.m.
2167.0,gofox,UA-414-LAX-SFO,6:00 a.m.,5:56 a.m.,7:23 a.m.,7:17 a.m.
2168.0,gofox,CO-1614-LAX-IAH,12:30 a.m.,12:41 a.m.,5:35 a.m.,5:26 a.m.
2169.0,gofox,UA-2726-FLL-PHL,4:00 p.m.,4:00 p.m.,6:46 p.m.,6:28 p.m.
2170.0,gofox,CO-52-IAH-LAX,11:35 a.m.,11:52 a.m.,2:25 p.m.,2:27 p.m.
2171.0,gofox,CO-1090-BOS-IAH,9:45 a.m.,10:19 a.m.,1:16 p.m.,1:19 p.m.
2172.0,gofox,AA-616-DFW-DTW,9:05 a.m.,10:10 a.m.,12:35 p.m.,1:27 p.m.
2173.0,gofox,UA-3515-IAD-MSP,8:15 a.m.,8:12 a.m.,10:06 a.m.,9:56 a.m.
2174.0,gofox,AA-3468-CVG-MIA,7:00 a.m.,7:25 a.m.,9:55 a.m.,9:45 a.m.
2175.0,gofox,AA-484-DFW-MIA,4:15 p.m.,4:29 p.m.,7:55 p.m.,7:39 p.m.
2176.0,gofox,AA-1886-BOS-MIA,10:45 a.m.,10:55 a.m.,2:20 p.m.,1:40 p.m.
2177.0,gofox,CO-62-IAH-EWR,2:30 p.m.,2:48 p.m.,7:03 p.m.,7:10 p.m.
2178.0,gofox,CO-1561-PHX-IAH,8:05 a.m.,8:00 a.m.,11:35 a.m.,11:32 a.m.
2179.0,gofox,UA-2314-ATL-PHL,2:55 p.m.,2:55 p.m.,5:00 p.m.,4:47 p.m.
2180.0,gofox,AA-446-DFW-PHL,11:50 a.m.,12:12 p.m.,3:50 p.m.,4:09 p.m.
2181.0,gofox,CO-1023-IAH-DEN,11:40 a.m.,11:56 a.m.,1:17 p.m.,1:14 p.m.
2182.0,gofox,AA-466-IAH-MIA,6:00 a.m.,6:08 a.m.,9:20 a.m.,9:05 a.m.
2183.0,gofox,UA-3050-PHX-CLT,11:05 a.m.,11:30 a.m.,4:57 p.m.,5:05 p.m.
2184.0,gofox,CO-89-IAH-EWR,6:00 a.m.,6:02 a.m.,10:20 a.m.,10:27 a.m.
2185.0,gofox,CO-1088-CLE-IAH,8:40 a.m.,8:40 a.m.,10:54 a.m.,10:56 a.m.
2186.0,gofox,AA-1664-MIA-ATL,10:15 a.m.,10:18 a.m.,12:10 p.m.,11:56 a.m.
2187.0,gofox,AA-1279-DFW-PHX,1:00 p.m.,2:04 p.m.,2:35 p.m.,3:30 p.m.
2188.0,gofox,UA-854-SFO-IAH,7:53 a.m.,7:49 a.m.,1:39 p.m.,1:30 p.m.
2189.0,gofox,UA-382-IAD-LAX,12:30 p.m.,12:35 p.m.,3:19 p.m.,3:21 p.m.
2190.0,gofox,AA-4344-ORD-DTW,11:45 a.m.,12:13 p.m.,2:00 p.m.,2:10 p.m.
2191.0,gofox,UA-257-JFK-SFO,2:30 p.m.,2:26 p.m.,6:15 p.m.,5:42 p.m.
2192.0,gofox,UA-2945-PHL-CLT,12:00 a.m.,3:11 a.m.,1:45 p.m.,1:15 p.m.
2193.0,gofox,CO-63-EWR-IAH,5:25 p.m.,5:22 p.m.,8:22 p.m.,8:03 p.m.
2194.0,gofox,CO-47-IAH-LAX,4:55 p.m.,5:08 p.m.,8:05 p.m.,7:55 p.m.
2195.0,gofox,AA-2050-ORD-MIA,10:40 a.m.,11:05 a.m.,2:45 p.m.,2:46 p.m.
2196.0,gofox,UA-248-PHX-ORD,12:57 p.m.,1:32 p.m.,5:15 p.m.,5:34 p.m.
2197.0,gofox,AA-4330-CVG-ORD,3:35 p.m.,3:36 p.m.,4:00 p.m.,3:33 p.m.
2198.0,gofox,AA-1434-DFW-MCO,7:15 a.m.,7:21 a.m.,10:35 a.m.,10:36 a.m.
2199.0,gofox,AA-1640-MIA-MCO,6:30 p.m.,6:30 p.m.,7:25 p.m.,7:25 p.m.
2200.0,gofox,AA-4307-ORD-DTW,6:45 p.m.,6:55 p.m.,9:10 p.m.,8:53 p.m.
2201.0,gofox,CO-1694-LAX-IAH,7:15 p.m.,7:15 p.m.,12:21 a.m.,12:21 a.m.
2202.0,gofox,UA-843-LAX-ORD,1:55 p.m.,2:10 p.m.,7:53 p.m.,7:58 p.m.
2203.0,gofox,CO-1193-EWR-MCO,9:15 a.m.,9:14 a.m.,12:18 p.m.,12:09 p.m.
2204.0,gofox,AA-3842-MSP-ORD,6:00 a.m.,6:56 a.m.,7:30 a.m.,7:51 a.m.
2205.0,gofox,AA-643-MIA-ORD,7:10 a.m.,7:30 a.m.,9:35 a.m.,9:31 a.m.
2206.0,gofox,AA-1007-MIA-PHX,6:00 a.m.,6:08 a.m.,9:20 p.m.,9:20 p.m.
2207.0,gofox,UA-2906-PHL-MCO,3:50 p.m.,4:28 p.m.,6:23 p.m.,6:38 p.m.
2208.0,gofox,UA-938-DEN-ORD,4:16 p.m.,4:15 p.m.,7:35 p.m.,7:36 p.m.
2209.0,gofox,AA-1221-MCO-ORD,8:00 p.m.,8:23 p.m.,9:45 p.m.,9:53 p.m.
2210.0,gofox,CO-16-LAX-EWR,10:25 a.m.,10:20 a.m.,6:44 p.m.,6:34 p.m.
2211.0,gofox,UA-2515-DFW-CLT,7:25 a.m.,7:39 a.m.,11:05 a.m.,11:01 a.m.
2212.0,gofox,AA-400-DFW-JFK,10:40 a.m.,11:01 a.m.,2:59 p.m.,3:04 p.m.
2213.0,gofox,UA-664-ORD-PHL,1:33 p.m.,1:31 p.m.,4:31 p.m.,4:23 p.m.
2214.0,gofox,AA-3756-ORD-SLC,12:15 p.m.,12:41 p.m.,2:45 p.m.,2:50 p.m.
2215.0,gofox,UA-37-EWR-MCO,1:29 p.m.,1:48 p.m.,4:17 p.m.,4:17 p.m.
2216.0,gofox,AA-1522-SFO-ORD,11:55 p.m.,11:55 p.m.,5:50 a.m.,5:50 a.m.
2217.0,gofox,UA-233-LAX-JFK,4:25 p.m.,4:25 p.m.,12:29 a.m.,12:29 a.m.
2218.0,gofox,AA-3823-LAX-DEN,9:00 p.m.,9:00 p.m.,12:15 a.m.,12:15 a.m.
2219.0,gofox,AA-2312-DFW-DTW,8:25 p.m.,8:25 p.m.,11:50 p.m.,11:50 p.m.
2220.0,gofox,AA-1165-JFK-MIA,6:59 a.m.,7:22 a.m.,10:34 a.m.,10:04 a.m.
2221.0,gofox,AA-431-MIA-SFO,8:35 a.m.,8:51 a.m.,11:50 a.m.,11:44 a.m.
2222.0,gofox,UA-3373-IAD-PHL,8:29 a.m.,8:26 a.m.,9:24 a.m.,9:13 a.m.
2223.0,gofox,AA-649-ORD-SNA,1:30 p.m.,1:30 p.m.,3:50 p.m.,3:50 p.m.
2224.0,gofox,CO-1250-MIA-IAH,2:53 p.m.,3:01 p.m.,4:48 p.m.,4:59 p.m.
2225.0,gofox,UA-6273-YYC-SFO,7:35 a.m.,7:27 a.m.,9:43 a.m.,8:45 a.m.
2226.0,gofox,UA-828-SFO-ORD,11:08 p.m.,11:08 p.m.,5:11 a.m.,5:11 a.m.
2227.0,gofox,CO-4888-IAH-DAL,5:30 p.m.,5:30 p.m.,6:40 p.m.,6:40 p.m.
2228.0,gofox,UA-858-PVG-SFO,1:45 p.m.,1:32 p.m.,8:27 a.m.,8:02 a.m.
2229.0,gofox,UA-2704-DTW-PHX,11:15 a.m.,11:15 a.m.,1:40 p.m.,2:00 p.m.
2230.0,gofox,AA-3063-SLC-LAX,7:10 a.m.,7:16 a.m.,9:40 a.m.,9:32 a.m.
2231.0,gofox,UA-2708-EWR-CLT,1:29 p.m.,2:48 p.m.,4:17 p.m.,4:17 p.m.
2232.0,gofox,UA-62-IAH-EWR,2:30 p.m.,2:48 p.m.,7:03 p.m.,7:10 p.m.
2233.0,gofox,UA-1500-IAH-GUA,8:55 a.m.,9:16 a.m.,11:45 a.m.,11:56 a.m.
2234.0,gofox,AA-3804-PHL-ORD,2:35 p.m.,2:44 p.m.,4:05 p.m.,3:43 p.m.
2235.0,gofox,AA-1917-JFK-MCO,2:55 p.m.,3:27 p.m.,5:55 p.m.,5:43 p.m.
2236.0,gofox,AA-2268-PHX-ORD,7:15 a.m.,7:22 a.m.,11:35 a.m.,11:06 a.m.
2237.0,gofox,AA-4277-CVG-JFK,12:10 p.m.,12:10 p.m.,2:15 p.m.,1:43 p.m.
2238.0,gofox,AA-2957-DFW-CVG,7:55 a.m.,8:04 a.m.,11:05 a.m.,11:01 a.m.
2239.0,gofox,UA-37-EDI-EWR,9:05 a.m.,8:52 a.m.,11:53 a.m.,12:09 p.m.
2240.0,gofox,AA-789-ORD-DEN,1:05 p.m.,1:19 p.m.,2:35 p.m.,3:13 p.m.
2241.0,gofox,AA-415-BOS-ORD,8:35 a.m.,8:56 a.m.,10:40 a.m.,10:16 a.m.
2242.0,gofox,AA-85-JFK-SFO,3:05 p.m.,3:36 p.m.,6:30 p.m.,6:43 p.m.
2243.0,gofox,AA-3979-CVG-ORD,7:30 a.m.,8:04 a.m.,8:00 a.m.,8:06 a.m.
2244.0,gofox,AA-1544-SAN-ORD,11:25 a.m.,11:40 a.m.,5:25 p.m.,4:56 p.m.
2245.0,gofox,AA-3786-IAH-ORD,4:00 p.m.,4:12 p.m.,6:40 p.m.,6:15 p.m.
2246.0,gofox,AA-271-MIA-LAX,11:35 a.m.,11:52 a.m.,2:25 p.m.,2:27 p.m.
2247.0,gofox,AA-2525-DFW-MIA,7:25 a.m.,7:39 a.m.,11:10 a.m.,11:06 a.m.
2248.0,gofox,CO-50-CLE-EWR,2:55 p.m.,3:31 p.m.,4:49 p.m.,5:26 p.m.
2249.0,gofox,UA-3099-PHX-PHL,11:55 a.m.,11:55 a.m.,6:17 p.m.,5:38 p.m.
2250.0,gofox,AA-4198-ORD-CLE,10:40 a.m.,10:54 a.m.,12:55 p.m.,12:50 p.m.
2251.0,gofox,AA-404-MIA-MCO,6:45 a.m.,6:57 a.m.,7:45 a.m.,7:40 a.m.
2252.0,gofox,CO-45-EWR-MIA,4:00 p.m.,3:58 p.m.,7:05 p.m.,6:36 p.m.
2253.0,gofox,AA-3809-PHX-LAX,6:00 a.m.,6:10 a.m.,6:40 a.m.,6:19 a.m.
2254.0,gofox,AA-59-JFK-SFO,7:10 a.m.,7:39 a.m.,10:45 a.m.,11:12 a.m.
2255.0,gofox,AA-222-LAX-BOS,7:10 a.m.,7:31 a.m.,3:30 p.m.,3:14 p.m.
2256.0,flightaware,AA-3859-IAH-ORD,7:10 a.m.,7:16 a.m.,9:40 a.m.,9:32 a.m.
2257.0,flightaware,AA-518-MIA-JFK,6:40 a.m.,6:54 a.m.,9:25 a.m.,9:28 a.m.
2258.0,flightaware,CO-1586-IAH-MCO,7:00 p.m.,7:14 p.m.,10:15 p.m.,10:29 p.m.
2259.0,flightaware,UA-3925-IAD-ORF,8:41 a.m.,8:42 a.m.,9:54 a.m.,9:43 a.m.
2260.0,flightaware,AA-1733-ORD-PHX,7:45 p.m.,7:58 p.m.,10:30 p.m.,10:30 p.m.
2261.0,flightaware,AA-204-LAX-MCO,11:25 p.m.,11:25 p.m.,6:55 a.m.,6:55 a.m.
2262.0,flightaware,UA-2726-FLL-PHL,4:00 p.m.,4:00 p.m.,6:46 p.m.,6:28 p.m.
2263.0,flightaware,CO-52-IAH-LAX,7:35 a.m.,7:29 a.m.,9:21 a.m.,9:14 a.m.
2264.0,flightaware,AA-3468-CVG-MIA,7:00 a.m.,7:25 a.m.,9:55 a.m.,9:45 a.m.
2265.0,flightaware,AA-484-DFW-MIA,4:15 p.m.,4:29 p.m.,7:55 p.m.,7:39 p.m.
2266.0,flightaware,AA-616-DFW-DTW,9:05 a.m.,10:10 a.m.,12:35 p.m.,1:27 p.m.
2267.0,flightaware,AA-446-DFW-PHL,11:50 a.m.,12:12 p.m.,3:50 p.m.,4:09 p.m.
2268.0,flightaware,CO-1023-IAH-DEN,11:40 a.m.,11:56 a.m.,1:17 p.m.,1:14 p.m.
2269.0,flightaware,AA-466-IAH-MIA,6:00 a.m.,6:08 a.m.,9:20 a.m.,9:05 a.m.
2270.0,flightaware,UA-3050-PHX-CLT,11:05 a.m.,11:30 a.m.,4:57 p.m.,5:05 p.m.
2271.0,flightaware,AA-2957-DFW-CVG,7:55 a.m.,8:04 a.m.,11:05 a.m.,11:01 a.m.
2272.0,flightaware,AA-1664-MIA-ATL,10:15 a.m.,10:18 a.m.,12:10 p.m.,11:56 a.m.
2273.0,flightaware,AA-3979-CVG-ORD,7:30 a.m.,8:04 a.m.,8:00 a.m.,8:06 a.m.
2274.0,flightaware,AA-1279-DFW-PHX,1:00 p.m.,2:04 p.m.,2:35 p.m.,3:30 p.m.
2275.0,flightaware,AA-404-MIA-MCO,6:45 a.m.,6:57 a.m.,7:45 a.m.,7:40 a.m.
2276.0,flightaware,AA-3756-ORD-SLC,12:15 p.m.,12:41 p.m.,2:45 p.m.,2:50 p.m.
2277.0,flightaware,UA-382-IAD-LAX,12:30 p.m.,12:35 p.m.,3:19 p.m.,3:21 p.m.
2278.0,flightaware,UA-257-JFK-SFO,2:30 p.m.,2:26 p.m.,6:15 p.m.,5:42 p.m.
2279.0,flightaware,UA-2945-PHL-CLT,12:00 a.m.,3:11 a.m.,1:45 p.m.,1:15 p.m.
2280.0,flightaware,CO-63-EWR-IAH,5:25 p.m.,5:22 p.m.,8:22 p.m.,8:03 p.m.
2281.0,flightaware,AA-2525-DFW-MIA,7:25 a.m.,7:39 a.m.,11:10 a.m.,11:06 a.m.
2282.0,flightaware,CO-47-IAH-LAX,7:10 p.m.,8:25 p.m.,8:56 p.m.,9:52 p.m.
2283.0,flightaware,AA-271-MIA-LAX,11:35 a.m.,11:52 a.m.,2:25 p.m.,2:27 p.m.
2284.0,flightaware,AA-2050-ORD-MIA,10:40 a.m.,11:05 a.m.,2:45 p.m.,2:46 p.m.
2285.0,flightaware,AA-4330-CVG-ORD,3:35 p.m.,3:36 p.m.,4:00 p.m.,3:33 p.m.
2286.0,flightaware,AA-1434-DFW-MCO,7:15 a.m.,7:21 a.m.,10:35 a.m.,10:36 a.m.
2287.0,flightaware,AA-1640-MIA-MCO,6:30 p.m.,6:30 p.m.,7:25 p.m.,7:25 p.m.
2288.0,flightaware,AA-4307-ORD-DTW,6:45 p.m.,6:55 p.m.,9:10 p.m.,8:53 p.m.
2289.0,flightaware,AA-3-JFK-LAX,12:00 p.m.,12:11 p.m.,3:15 p.m.,3:16 p.m.
2290.0,flightaware,CO-1694-LAX-IAH,7:15 p.m.,7:15 p.m.,12:21 a.m.,12:21 a.m.
2291.0,flightaware,CO-1193-EWR-MCO,9:15 a.m.,9:14 a.m.,12:18 p.m.,12:09 p.m.
2292.0,flightaware,AA-3842-MSP-ORD,6:00 a.m.,6:56 a.m.,7:30 a.m.,7:51 a.m.
2293.0,flightaware,AA-643-MIA-ORD,7:10 a.m.,7:30 a.m.,9:35 a.m.,9:31 a.m.
2294.0,flightaware,AA-1007-MIA-PHX,4:55 p.m.,5:08 p.m.,8:05 p.m.,7:55 p.m.
2295.0,flightaware,UA-2906-PHL-MCO,3:50 p.m.,4:28 p.m.,6:23 p.m.,6:38 p.m.
2296.0,flightaware,AA-1221-MCO-ORD,8:00 p.m.,8:23 p.m.,9:45 p.m.,9:53 p.m.
2297.0,flightaware,AA-400-DFW-JFK,10:40 a.m.,11:01 a.m.,2:59 p.m.,3:04 p.m.
2298.0,flightaware,UA-664-ORD-PHL,1:33 p.m.,1:31 p.m.,4:31 p.m.,4:23 p.m.
2299.0,flightaware,UA-37-EWR-MCO,1:29 p.m.,1:48 p.m.,4:17 p.m.,4:17 p.m.
2300.0,flightaware,UA-233-LAX-JFK,4:25 p.m.,4:25 p.m.,12:29 a.m.,12:29 a.m.
2301.0,flightaware,AA-3823-LAX-DEN,9:00 p.m.,9:00 p.m.,12:15 a.m.,12:15 a.m.
2302.0,flightaware,AA-2312-DFW-DTW,8:25 p.m.,8:25 p.m.,11:50 p.m.,11:50 p.m.
2303.0,flightaware,AA-1165-JFK-MIA,6:59 a.m.,7:22 a.m.,10:34 a.m.,10:04 a.m.
2304.0,flightaware,AA-431-MIA-SFO,8:35 a.m.,8:51 a.m.,11:50 a.m.,11:44 a.m.
2305.0,flightaware,AA-649-ORD-SNA,1:30 p.m.,1:30 p.m.,3:50 p.m.,3:50 p.m.
2306.0,flightaware,UA-828-SFO-ORD,11:08 p.m.,11:08 p.m.,5:11 a.m.,5:11 a.m.
2307.0,flightaware,CO-4888-IAH-DAL,5:30 p.m.,5:30 p.m.,6:40 p.m.,6:40 p.m.
2308.0,flightaware,AA-3063-SLC-LAX,8:20 p.m.,8:39 p.m.,9:20 p.m.,9:20 p.m.
2309.0,flightaware,AA-3804-PHL-ORD,2:35 p.m.,2:44 p.m.,4:05 p.m.,3:43 p.m.
2310.0,flightaware,AA-1917-JFK-MCO,2:55 p.m.,3:27 p.m.,5:55 p.m.,5:43 p.m.
2311.0,flightaware,AA-2268-PHX-ORD,7:15 a.m.,7:22 a.m.,11:35 a.m.,11:06 a.m.
2312.0,flightaware,AA-4277-CVG-JFK,12:10 p.m.,12:10 p.m.,2:15 p.m.,1:43 p.m.
2313.0,flightaware,AA-789-ORD-DEN,1:05 p.m.,1:19 p.m.,2:35 p.m.,3:13 p.m.
2314.0,flightaware,AA-85-JFK-SFO,3:05 p.m.,3:36 p.m.,6:30 p.m.,6:43 p.m.
2315.0,flightaware,AA-3786-IAH-ORD,4:00 p.m.,4:12 p.m.,6:40 p.m.,6:15 p.m.
2316.0,flightaware,AA-222-LAX-BOS,7:10 a.m.,7:31 a.m.,3:30 p.m.,3:14 p.m.
2317.0,flightaware,UA-3099-PHX-PHL,11:55 a.m.,11:55 a.m.,6:17 p.m.,5:38 p.m.
2318.0,flightaware,AA-4198-ORD-CLE,10:40 a.m.,11:05 a.m.,2:45 p.m.,2:46 p.m.
2319.0,flightaware,CO-45-EWR-MIA,4:00 p.m.,3:58 p.m.,7:05 p.m.,6:36 p.m.
2320.0,flightaware,AA-3809-PHX-LAX,6:00 a.m.,6:10 a.m.,6:40 a.m.,6:19 a.m.
2321.0,flightaware,AA-59-JFK-SFO,7:10 a.m.,7:39 a.m.,10:45 a.m.,11:12 a.m.
2322.0,world-flight-tracker,AA-3859-IAH-ORD,7:10 a.m.,7:16 a.m.,9:40 a.m.,9:32 a.m.
2323.0,world-flight-tracker,AA-518-MIA-JFK,6:40 a.m.,6:54 a.m.,9:25 a.m.,9:28 a.m.
2324.0,world-flight-tracker,UA-397-JFK-SFO,8:00 a.m.,8:29 a.m.,11:55 a.m.,11:58 a.m.
2325.0,world-flight-tracker,AA-1733-ORD-PHX,7:45 p.m.,7:58 p.m.,10:30 p.m.,10:30 p.m.
2326.0,world-flight-tracker,AA-1640-MIA-MCO,6:30 p.m.,6:30 p.m.,7:25 p.m.,7:25 p.m.
2327.0,world-flight-tracker,CO-1694-LAX-IAH,7:15 p.m.,7:15 p.m.,12:21 a.m.,12:21 a.m.
2328.0,world-flight-tracker,UA-2830-MCO-CLT,3:27 p.m.,3:27 p.m.,5:05 p.m.,5:17 p.m.
2329.0,world-flight-tracker,AA-204-LAX-MCO,11:25 p.m.,11:25 p.m.,6:55 a.m.,6:55 a.m.
2330.0,world-flight-tracker,UA-2726-FLL-PHL,4:00 p.m.,4:00 p.m.,6:46 p.m.,6:28 p.m.
2331.0,world-flight-tracker,AA-3468-CVG-MIA,7:00 a.m.,7:25 a.m.,9:55 a.m.,9:45 a.m.
2332.0,world-flight-tracker,AA-484-DFW-MIA,4:15 p.m.,4:29 p.m.,7:55 p.m.,7:39 p.m.
2333.0,world-flight-tracker,AA-616-DFW-DTW,9:05 a.m.,10:10 a.m.,12:35 p.m.,1:27 p.m.
2334.0,world-flight-tracker,AA-446-DFW-PHL,11:50 a.m.,12:12 p.m.,3:50 p.m.,4:09 p.m.
2335.0,world-flight-tracker,AA-466-IAH-MIA,6:00 a.m.,6:08 a.m.,9:20 a.m.,9:05 a.m.
2336.0,world-flight-tracker,UA-3050-PHX-CLT,11:05 a.m.,11:30 a.m.,4:57 p.m.,5:05 p.m.
2337.0,world-flight-tracker,AA-2957-DFW-CVG,7:55 a.m.,8:04 a.m.,11:05 a.m.,11:01 a.m.
2338.0,world-flight-tracker,AA-1664-MIA-ATL,10:15 a.m.,10:18 a.m.,12:10 p.m.,11:56 a.m.
2339.0,world-flight-tracker,AA-3979-CVG-ORD,7:30 a.m.,8:04 a.m.,8:00 a.m.,8:06 a.m.
2340.0,world-flight-tracker,AA-1279-DFW-PHX,1:00 p.m.,2:04 p.m.,2:35 p.m.,3:30 p.m.
2341.0,world-flight-tracker,AA-404-MIA-MCO,6:45 a.m.,6:57 a.m.,7:45 a.m.,7:40 a.m.
2342.0,world-flight-tracker,AA-3756-ORD-SLC,12:15 p.m.,12:41 p.m.,2:45 p.m.,2:50 p.m.
2343.0,world-flight-tracker,UA-2945-PHL-CLT,12:00 a.m.,3:11 a.m.,1:45 p.m.,1:15 p.m.
2344.0,world-flight-tracker,AA-2525-DFW-MIA,7:25 a.m.,7:39 a.m.,11:10 a.m.,11:06 a.m.
2345.0,world-flight-tracker,AA-271-MIA-LAX,11:35 a.m.,11:52 a.m.,2:25 p.m.,2:27 p.m.
2346.0,world-flight-tracker,AA-2050-ORD-MIA,10:40 a.m.,11:05 a.m.,2:45 p.m.,2:46 p.m.
2347.0,world-flight-tracker,AA-1434-DFW-MCO,7:15 a.m.,7:21 a.m.,10:35 a.m.,10:36 a.m.
2348.0,world-flight-tracker,AA-4307-ORD-DTW,6:45 p.m.,6:55 p.m.,9:10 p.m.,8:53 p.m.
2349.0,world-flight-tracker,AA-3-JFK-LAX,12:00 p.m.,12:11 p.m.,3:15 p.m.,3:16 p.m.
2350.0,world-flight-tracker,CO-1193-EWR-MCO,9:15 a.m.,9:14 a.m.,12:18 p.m.,12:09 p.m.
2351.0,world-flight-tracker,AA-3842-MSP-ORD,6:00 a.m.,6:56 a.m.,7:30 a.m.,7:51 a.m.
2352.0,world-flight-tracker,AA-643-MIA-ORD,7:10 a.m.,7:30 a.m.,9:35 a.m.,9:31 a.m.
2353.0,world-flight-tracker,UA-2906-PHL-MCO,3:50 p.m.,4:28 p.m.,6:23 p.m.,6:38 p.m.
2354.0,world-flight-tracker,AA-1221-MCO-ORD,8:00 p.m.,8:23 p.m.,9:45 p.m.,9:53 p.m.
2355.0,world-flight-tracker,UA-664-ORD-PHL,1:33 p.m.,1:31 p.m.,4:31 p.m.,4:23 p.m.
2356.0,world-flight-tracker,AA-1522-SFO-ORD,11:55 p.m.,11:55 p.m.,5:50 a.m.,5:50 a.m.
2357.0,world-flight-tracker,UA-233-LAX-JFK,4:25 p.m.,4:25 p.m.,12:29 a.m.,12:29 a.m.
2358.0,world-flight-tracker,AA-3823-LAX-DEN,9:00 p.m.,9:00 p.m.,12:15 a.m.,12:15 a.m.
2359.0,world-flight-tracker,AA-2312-DFW-DTW,8:25 p.m.,8:25 p.m.,11:50 p.m.,11:50 p.m.
2360.0,world-flight-tracker,AA-1165-JFK-MIA,6:59 a.m.,7:22 a.m.,10:34 a.m.,10:04 a.m.
2361.0,world-flight-tracker,AA-431-MIA-SFO,8:35 a.m.,8:51 a.m.,11:50 a.m.,11:44 a.m.
2362.0,world-flight-tracker,UA-257-JFK-SFO,2:30 p.m.,2:26 p.m.,6:15 p.m.,5:42 p.m.
2363.0,world-flight-tracker,AA-649-ORD-SNA,1:30 p.m.,1:30 p.m.,3:50 p.m.,3:50 p.m.
2364.0,world-flight-tracker,AA-3804-PHL-ORD,2:35 p.m.,2:44 p.m.,4:05 p.m.,3:43 p.m.
2365.0,world-flight-tracker,AA-1917-JFK-MCO,2:55 p.m.,3:27 p.m.,5:55 p.m.,5:43 p.m.
2366.0,world-flight-tracker,AA-2268-PHX-ORD,7:15 a.m.,7:22 a.m.,11:35 a.m.,11:06 a.m.
2367.0,world-flight-tracker,AA-4277-CVG-JFK,12:10 p.m.,12:10 p.m.,2:15 p.m.,1:43 p.m.
2368.0,world-flight-tracker,AA-789-ORD-DEN,1:05 p.m.,1:19 p.m.,2:35 p.m.,3:13 p.m.
2369.0,world-flight-tracker,AA-85-JFK-SFO,3:05 p.m.,3:36 p.m.,6:30 p.m.,6:43 p.m.
2370.0,world-flight-tracker,AA-3786-IAH-ORD,4:00 p.m.,4:12 p.m.,6:40 p.m.,6:15 p.m.
2371.0,world-flight-tracker,AA-222-LAX-BOS,7:10 a.m.,7:31 a.m.,3:30 p.m.,3:14 p.m.
2372.0,world-flight-tracker,UA-3099-PHX-PHL,11:55 a.m.,11:55 a.m.,6:17 p.m.,5:38 p.m.
2373.0,world-flight-tracker,AA-4198-ORD-CLE,10:40 a.m.,10:54 a.m.,12:55 p.m.,12:50 p.m.
2374.0,world-flight-tracker,CO-45-EWR-MIA,4:00 p.m.,3:58 p.m.,7:05 p.m.,6:36 p.m.
2375.0,world-flight-tracker,AA-3809-PHX-LAX,6:00 a.m.,6:10 a.m.,6:40 a.m.,6:19 a.m.
2376.0,world-flight-tracker,AA-59-JFK-SFO,7:10 a.m.,7:39 a.m.,10:45 a.m.,11:12 a.m.
